num,name,explain,address
0,부산근대역사관,"[0.0, 0.07914060766111854, 0.14010037441321252, 0.168193403762879, 0.0, 0.336386807525758, 0.0, 0.15653374311442628, 0.0, 0.0, 0.0, 0.0, 0.0, 0.0, 0.0, 0.168193403762879, 0.0, 0.0, 0.0, 0.09130374899694041, 0.0, 0.0, 0.0, 0.0, 0.0, 0.0, 0.0, 0.0, 0.1284407137647598, 0.0, 0.0, 0.14748980769627337, 0.0, 0.0, 0.0, 0.168193403762879, 0.15653374311442628, 0.0, 0.0, 0.0, 0.0, 0.15653374311442628, 0.15653374311442628, 0.1338526975934643, 0.0, 0.0, 0.16451962715757504, 0.15653374311442628, 0.15653374311442628, 0.168193403762879, 0.0933826495033328, 0.0, 0.0, 0.0, 0.14748980769627337, 0.0, 0.336386807525758, 0.0, 0.14748980769627337, 0.0, 0.0, 0.11200734506354602, 0.168193403762879, 0.0, 0.0, 0.0, 0.16451962715757504, 0.0, 0.0, 0.15653374311442628, 0.0, 0.0, 0.0, 0.0, 0.0, 0.15653374311442628, 0.29497961539254675, 0.0, 0.14748980769627337, 0.0, 0.0, 0.0, 0.168193403762879, 0.0, 0.0, 0.0, 0.0, 0.0, 0.0, 0.29497961539254675, 0.0, 0.15653374311442628, 0.0]",부산광역시 중구 대청로 104 (대청동2가)
1,임시수도기념관,"[0.0, 0.0, 0.0, 0.1680542538154264, 0.1473677862701557, 0.0, 0.0, 0.0, 0.0, 0.2947355725403114, 0.0, 0.0, 0.0, 0.0, 0.0, 0.0, 0.0933053920694462, 0.0, 0.1473677862701557, 0.15640423944994464, 0.0, 0.0, 0.08219175830146472, 0.0, 0.0, 0.0, 0.15640423944994464, 0.0, 0.0, 0.1680542538154264, 0.15640423944994464, 0.1680542538154264, 0.1680542538154264, 0.1473677862701557, 0.13998446642097537, 0.0, 0.0, 0.1680542538154264, 0.0, 0.15640423944994464, 0.0, 0.1473677862701557, 0.0, 0.0, 0.1680542538154264, 0.3361085076308528, 0.0, 0.0, 0.0, 0.3361085076308528, 0.0, 0.0, 0.0, 0.0, 0.0, 0.0, 0.10287822584673541, 0.0, 0.0, 0.0, 0.15640423944994464, 0.0, 0.0, 0.0, 0.0, 0.0, 0.0, 0.1680542538154264, 0.0, 0.0, 0.0, 0.0, 0.0, 0.0, 0.0, 0.0, 0.0, 0.0, 0.0, 0.0, 0.0, 0.0, 0.1680542538154264, 0.1680542538154264, 0.2947355725403114, 0.0, 0.0, 0.1680542538154264, 0.11929799887570468, 0.0, 0.0, 0.15640423944994464, 0.0]",부산광역시 서구 임시수도기념로 45 (부민동3가)
2,40계단,"[0.0, 0.0, 0.0, 0.0, 0.0, 0.0, 0.0, 0.1405907132107052, 0.1964798877565841, 0.21111499945779225, 0.0, 0.0, 0.0, 0.0, 0.1964798877565841, 0.0, 0.0, 0.0, 0.18512801319917618, 0.0, 0.0, 0.0, 0.0, 0.0, 0.0, 0.0, 0.0, 0.12595560150949703, 0.1964798877565841, 0.0, 0.0, 0.0, 0.0, 0.1964798877565841, 0.0, 0.0, 0.0, 0.21111499945779225, 0.0, 0.21111499945779225, 0.0, 0.0, 0.0, 0.1964798877565841, 0.0, 0.0, 0.0, 0.0, 0.1032518523946813, 0.0, 0.0, 0.0, 0.0, 0.0, 0.0, 0.1964798877565841, 0.0, 0.21111499945779225, 0.0, 0.17585285633424874, 0.0, 0.0, 0.12923883865329736, 0.0, 0.0, 0.0, 0.21111499945779225, 0.0, 0.0, 0.0, 0.0, 0.1964798877565841, 0.17585285633424874, 0.0, 0.21111499945779225, 0.1964798877565841, 0.0]",부산광역시 중구 동광길 49 (동광동5가)
3,임시수도정부청사,"[0.14989491194400367, 0.29978982388800735, 0.14989491194400367, 0.0, 0.0, 0.0, 0.0, 0.0, 0.0, 0.0, 0.10640708360890132, 0.0, 0.0, 0.14989491194400367, 0.13950375648192176, 0.0, 0.0, 0.0, 0.0, 0.0, 0.0, 0.0, 0.0, 0.0, 0.0, 0.13950375648192176, 0.0, 0.0, 0.13950375648192176, 0.0, 0.0, 0.14989491194400367, 0.10296445373966705, 0.0, 0.12485824542558724, 0.0, 0.0, 0.07053055679450176, 0.14989491194400367, 0.13950375648192176, 0.12485824542558724, 0.0, 0.0, 0.0, 0.11446708996350533, 0.08137041709048488, 0.29978982388800735, 0.0, 0.13144375012731774, 0.0, 0.0, 0.0, 0.13144375012731774, 0.12485824542558724, 0.0, 0.14989491194400367, 0.11929028053636344, 0.0, 0.0, 0.0, 0.14989491194400367, 0.0, 0.0, 0.0, 0.0, 0.2628875002546355, 0.14989491194400367, 0.0, 0.0, 0.0, 0.0, 0.2628875002546355, 0.0, 0.13144375012731774, 0.0, 0.0, 0.0, 0.13950375648192176, 0.0, 0.0, 0.14989491194400367, 0.0, 0.11929028053636344, 0.0, 0.0, 0.14989491194400367, 0.14989491194400367, 0.0, 0.0, 0.0, 0.14989491194400367, 0.14989491194400367, 0.13144375012731774, 0.14989491194400367, 0.0, 0.13144375012731774, 0.13950375648192176, 0.0, 0.0, 0.0]",부산광역시 서구 구덕로 225 (부민동2가)
4,우암동소막마을,"[0.0, 0.0, 0.0, 0.13656380312996313, 0.11892586086059284, 0.11892586086059284, 0.0, 0.0, 0.0, 0.14493776628888277, 0.07327789311702874, 0.09291395543230291, 0.11450578779317339, 0.0, 0.12972177704102805, 0.0, 0.14493776628888277, 0.0, 0.10370987161273813, 0.0, 0.12393692640925598, 0.0, 0.0, 0.0, 0.0, 0.23785172172118568, 0.25361997682014986, 0.0, 0.0, 0.0, 0.0, 0.0, 0.0, 0.13656380312996313, 0.25361997682014986, 0.0, 0.0, 0.0, 0.0, 0.13656380312996313, 0.0, 0.0, 0.23785172172118568, 0.25361997682014986, 0.0, 0.12972177704102805, 0.0, 0.0, 0.0, 0.0, 0.0, 0.0, 0.0, 0.0, 0.0, 0.0, 0.0, 0.0, 0.0, 0.0, 0.0, 0.0, 0.0, 0.0, 0.0, 0.0, 0.15573368246931799, 0.0, 0.0, 0.0, 0.0, 0.0, 0.0, 0.0, 0.0, 0.15573368246931799, 0.0, 0.0, 0.0, 0.0, 0.0, 0.0, 0.0, 0.0, 0.0, 0.15573368246931799, 0.0, 0.0, 0.0, 0.0, 0.14493776628888277, 0.0, 0.14493776628888277, 0.0, 0.14493776628888277, 0.0, 0.0, 0.0, 0.0, 0.0, 0.10370987161273813, 0.0, 0.0, 0.0, 0.0, 0.0, 0.15573368246931799, 0.0, 0.0, 0.0, 0.14493776628888277, 0.0, 0.0, 0.15573368246931799, 0.0, 0.0, 0.0, 0.14493776628888277, 0.0, 0.0, 0.0, 0.0, 0.15573368246931799, 0.15573368246931799, 0.0, 0.15573368246931799, 0.0, 0.0, 0.0, 0.0, 0.14493776628888277, 0.0, 0.14493776628888277, 0.0, 0.0, 0.14493776628888277, 0.0, 0.0, 0.0, 0.0]","부산광역시 남구 우암동 외 16 189-1123
"
5,가덕도외양포마을,"[0.1034275234002617, 0.0, 0.11555927274788959, 0.24833377178775443, 0.46223709099155835, 0.0, 0.34667781824366883, 0.058424662211390435, 0.07408054776065857, 0.09129577405263384, 0.12416688589387721, 0.12416688589387721, 0.0, 0.0, 0.06893868918721131, 0.10888268929114153, 0.0, 0.11555927274788959, 0.0, 0.46223709099155835, 0.11555927274788959, 0.0, 0.0, 0.0, 0.10888268929114153, 0.0, 0.0, 0.0, 0.12416688589387721, 0.0, 0.0, 0.11555927274788959, 0.0, 0.0, 0.0, 0.34667781824366883, 0.12416688589387721, 0.12416688589387721, 0.0, 0.12416688589387721, 0.0, 0.09129577405263384, 0.0, 0.0, 0.10888268929114153, 0.0, 0.37250065768163165, 0.0, 0.12416688589387721, 0.0, 0.0, 0.0, 0.0, 0.07408054776065857, 0.0, 0.08529159137432667, 0.0, 0.0, 0.09481991025427408, 0.0, 0.0, 0.0, 0.0, 0.0, 0.0, 0.0, 0.0, 0.0, 0.34667781824366883, 0.0, 0.0, 0.37250065768163165, 0.0, 0.0, 0.12416688589387721, 0.46223709099155835, 0.0, 0.0, 0.0, 0.0, 0.11555927274788959, 0.09481991025427408, 0.12416688589387721, 0.0, 0.0, 0.0, 0.0, 0.46223709099155835, 0.12416688589387721, 0.0, 0.07601157744989814, 0.24833377178775443, 0.0, 0.0, 0.0, 0.0, 0.0, 0.0, 0.0, 0.07408054776065857, 0.0, 0.0, 0.0, 0.09481991025427408, 0.0, 0.0, 0.0, 0.0, 0.0, 0.0, 0.0826881609066462, 0.0, 0.09881524635833225, 0.12416688589387721, 0.0]",부산광역시 강서구 대항동 산13-23
6,부산민주공원,"[0.0, 0.0, 0.15680534951287456, 0.084139174352429, 0.10668570237693731, 0.0, 0.0, 0.0, 0.0, 0.16642050513864978, 0.14230691162474543, 0.0, 0.4096593112733806, 0.17881659671771785, 0.0, 0.17881659671771785, 0.17881659671771785, 0.0, 0.0, 0.0, 0.0, 0.0, 0.4096593112733806, 0.0, 0.0, 0.0, 0.0, 0.16642050513864978, 0.0, 0.0, 0.0, 0.4096593112733806, 0.0, 0.16642050513864978, 0.0, 0.0, 0.0, 0.0, 0.17881659671771785, 0.19856150363912017, 0.0, 0.0, 0.17881659671771785, 0.0, 0.15680534951287456, 0.17881659671771785, 0.19856150363912017, 0.0, 0.15680534951287456, 0.16642050513864978, 0.0, 0.0, 0.0, 0.17881659671771785, 0.0, 0.17881659671771785, 0.0, 0.0, 0.1489491953368616, 0.0, 0.0, 0.0, 0.16642050513864978, 0.17881659671771785, 0.0, 0.0, 0.0, 0.0, 0.0, 0.0, 0.0, 0.17881659671771785, 0.0, 0.0, 0.0, 0.0, 0.17881659671771785, 0.0, 0.0, 0.0, 0.16642050513864978, 0.0]",부산광역시 중구 영주동 산10-4번지
7,10.16 기념관,"[0.12671394668921213, 0.40336905509034787, 0.1179297638094527, 0.0, 0.0, 0.12671394668921213, 0.0, 0.0, 0.1179297638094527, 0.12671394668921213, 0.11111622222697698, 0.35378929142835813, 0.0, 0.12671394668921213, 0.0, 0.0, 0.0, 0.38014184006763635, 0.0, 0.0, 0.0, 0.0, 0.0, 0.0, 0.35378929142835813, 0.0, 0.1179297638094527, 0.0, 0.40336905509034787, 0.11111622222697698, 0.0, 0.0, 0.11111622222697698, 0.11111622222697698, 0.0, 0.0, 0.12671394668921213, 0.0, 0.0, 0.38014184006763635, 0.0, 0.1179297638094527, 0.0, 0.11111622222697698, 0.12671394668921213, 0.0, 0.0, 0.0, 0.29029491155890624, 0.12671394668921213, 0.0, 0.0, 0.12671394668921213, 0.0, 0.38014184006763635, 0.0, 0.0, 0.35378929142835813, 0.0, 0.40336905509034787, 0.1179297638094527, 0.0, 0.0, 0.29029491155890624, 0.0, 0.0, 0.0, 0.29029491155890624, 0.0, 0.0, 0.0, 0.11111622222697698, 0.0, 0.0, 0.40336905509034787, 0.1179297638094527, 0.0, 0.0, 0.0, 0.0, 0.12671394668921213, 0.1179297638094527, 0.0, 0.12671394668921213, 0.12671394668921213, 0.0, 0.0, 0.0, 0.0, 0.0, 0.0, 0.0, 0.0, 0.0, 0.0, 0.0, 0.0, 0.0, 0.0, 0.0, 0.0, 0.0, 0.0, 0.12671394668921213, 0.10554915339939483, 0.0, 0.0, 0.0, 0.0]",부산광역시 금정구 부산대학로63번길 2
8,10.16부마민중항쟁탑,"[0.15776590359390658, 0.15776590359390658, 0.31553180718781315, 0.0, 0.0, 0.0, 0.13834587006098523, 0.0, 0.0, 0.0, 0.15776590359390658, 0.0, 0.13141456007577, 0.0, 0.31553180718781315, 0.0, 0.0, 0.13141456007577, 0.0, 0.0, 0.07715994520819593, 0.0, 0.0, 0.0, 0.0, 0.0, 0.3766626629559092, 0.13834587006098523, 0.0, 0.13834587006098523, 0.0, 0.15776590359390658, 0.0, 0.1468291078775014, 0.15776590359390658, 0.0, 0.0, 0.1468291078775014, 0.13834587006098523, 0.0, 0.1468291078775014, 0.15776590359390658, 0.0, 0.0, 0.3766626629559092, 0.2936582157550028, 0.15776590359390658, 0.0, 0.0, 0.0, 0.0, 0.0, 0.0, 0.0, 0.0, 0.0, 0.0, 0.15776590359390658, 0.0, 0.0, 0.0, 0.0, 0.0, 0.0, 0.0, 0.0, 0.08564318302471208, 0.15776590359390658, 0.0, 0.1468291078775014, 0.11199452654284867, 0.2936582157550028, 0.0, 0.0, 0.0]",부산광역시 금정구 부산대학로63번길 2[장전동 산30]
9,4.19혁명 고 강수영 추념탑,"[0.0, 0.3889240189805948, 0.0, 0.0, 0.1944620094902974, 0.0, 0.1944620094902974, 0.0, 0.0, 0.18098133195510932, 0.1705249061038677, 0.0, 0.0, 0.15475793917827194, 0.0, 0.1944620094902974, 0.16198138410437035, 0.0, 0.1705249061038677, 0.0, 0.0, 0.0, 0.14298143625363138, 0.0, 0.0, 0.0, 0.0, 0.15475793917827194, 0.0, 0.0, 0.0, 0.18098133195510932, 0.0, 0.0, 0.0, 0.1944620094902974, 0.0, 0.18098133195510932, 0.0, 0.0, 0.0, 0.0, 0.3889240189805948, 0.0, 0.0, 0.0, 0.0, 0.18098133195510932, 0.0, 0.0, 0.10796724049622967, 0.1944620094902974, 0.0, 0.0, 0.0, 0.0, 0.0, 0.0, 0.3239627682087407, 0.1944620094902974, 0.0, 0.0, 0.0, 0.0, 0.0, 0.0, 0.1705249061038677, 0.0, 0.3239627682087407, 0.0, 0.0, 0.0, 0.0, 0.0, 0.1944620094902974, 0.14850070656918227, 0.0, 0.0, 0.0, 0.0, 0.16198138410437035, 0.0]",부산광역시 부산지구 전포1동 696-1번지 경남공업고등학교
10,일광광산채굴마을,"[0.07042150732057863, 0.08929215230315216, 0.0, 0.0, 0.0, 0.0, 0.0, 0.4489894643624177, 0.5249620835295493, 0.0, 0.4489894643624177, 0.0, 0.0, 0.13928806541203587, 0.13928806541203587, 0.0, 0.0, 0.0, 0.13928806541203587, 0.0, 0.12466519823303072, 0.0, 0.0, 0.0, 0.13124052088238733, 0.29932630957494516, 0.0, 0.11910584214642508, 0.0, 0.0, 0.09966724167858887, 0.5249620835295493, 0.0, 0.0, 0.0, 0.13928806541203587, 0.0, 0.13124052088238733, 0.0, 0.0, 0.0, 0.0, 0.5249620835295493, 0.0, 0.13928806541203587, 0.0, 0.09678054721449748, 0.0, 0.0, 0.0, 0.13124052088238733, 0.0, 0.0, 0.0, 0.0, 0.0, 0.0, 0.0, 0.0, 0.0, 0.0, 0.0, 0.14966315478747258, 0.0, 0.0, 0.0, 0.0, 0.13928806541203587, 0.0, 0.0, 0.0, 0.0, 0.0, 0.0, 0.0, 0.0, 0.0, 0.0, 0.14966315478747258, 0.0, 0.13928806541203587, 0.0, 0.0, 0.0, 0.0, 0.0, 0.0, 0.0, 0.0, 0.0, 0.0, 0.0, 0.0, 0.0, 0.0, 0.0, 0.0, 0.0, 0.0, 0.07319706324385512, 0.0, 0.5249620835295493, 0.0, 0.0, 0.0, 0.4489894643624177, 0.0, 0.0, 0.29932630957494516, 0.0, 0.0, 0.0]",부산광역시 기장군 일광면 달음길
11,아비동비석문화마을,"[0.0, 0.15951536285514406, 0.0, 0.0, 0.0, 0.0, 0.0, 0.0, 0.0, 0.0, 0.0, 0.0, 0.0, 0.0, 0.1692966939342109, 0.0, 0.1692966939342109, 0.0, 0.0, 0.0, 0.0, 0.0, 0.0, 0.0, 0.0, 0.0, 0.0, 0.1692966939342109, 0.0, 0.0, 0.0, 0.0, 0.0, 0.0, 0.0, 0.0, 0.0, 0.0, 0.1819070229335942, 0.13891310444821356, 0.0, 0.28953270682582655, 0.0, 0.1692966939342109, 0.1692966939342109, 0.0, 0.15152343344759686, 0.1692966939342109, 0.0, 0.0, 0.15951536285514406, 0.0, 0.1819070229335942, 0.0, 0.0, 0.0, 0.0, 0.0, 0.1819070229335942, 0.15152343344759686, 0.0, 0.0, 0.0, 0.0, 0.0, 0.1819070229335942, 0.14476635341291327, 0.0, 0.0, 0.0, 0.0, 0.0, 0.0, 0.08896685280408258, 0.1692966939342109, 0.0, 0.0, 0.0, 0.0, 0.0, 0.0, 0.0, 0.0, 0.1819070229335942, 0.1819070229335942, 0.0, 0.0, 0.0, 0.13891310444821356, 0.1819070229335942, 0.0, 0.0, 0.0, 0.0, 0.0, 0.0, 0.14476635341291327, 0.0, 0.0, 0.0, 0.28953270682582655, 0.15951536285514406, 0.0, 0.1819070229335942, 0.0, 0.0, 0.0, 0.0, 0.1819070229335942, 0.0, 0.0]",부산광역시 서구 아미동2가 213-39
12,구포만세역사테마거리,"[0.15372589794372454, 0.09745968820038804, 0.3040574356188534, 0.39000129145813334, 0.0, 0.0, 0.163352814602931, 0.0, 0.0, 0.163352814602931, 0.13606829979841167, 0.0, 0.0, 0.163352814602931, 0.0, 0.0, 0.0, 0.0, 0.0, 0.0, 0.0, 0.14324506593848174, 0.0, 0.0, 0.0, 0.0, 0.0, 0.0, 0.1520287178094267, 0.0, 0.0, 0.163352814602931, 0.0, 0.0, 0.3040574356188534, 0.39000129145813334, 0.0, 0.0, 0.0, 0.0, 0.0, 0.0, 0.0, 0.0, 0.0, 0.0, 0.0, 0.0, 0.0, 0.0, 0.0, 0.39000129145813334, 0.1520287178094267, 0.0, 0.0, 0.0, 0.0, 0.0, 0.1520287178094267, 0.14324506593848174, 0.1520287178094267, 0.0, 0.0, 0.0, 0.0, 0.0, 0.0, 0.0, 0.0, 0.0, 0.0, 0.0, 0.0, 0.12474420300490738, 0.0, 0.0, 0.0, 0.0, 0.0, 0.0, 0.0, 0.0, 0.0, 0.0, 0.1520287178094267, 0.0, 0.0, 0.0, 0.0, 0.14324506593848174, 0.0, 0.0, 0.0, 0.0, 0.0, 0.0, 0.0, 0.0, 0.0, 0.0, 0.0, 0.0, 0.0, 0.0, 0.0, 0.0, 0.0, 0.0, 0.0, 0.0, 0.0, 0.0, 0.0, 0.0, 0.14324506593848174, 0.0, 0.0, 0.0, 0.0, 0.0, 0.0, 0.0, 0.15372589794372454, 0.0, 0.0, 0.1520287178094267, 0.163352814602931, 0.0, 0.0, 0.14324506593848174, 0.0, 0.0, 0.0, 0.0, 0.163352814602931, 0.0, 0.14324506593848174, 0.0, 0.163352814602931, 0.0, 0.0, 0.0, 0.0]",부산광역시 북구 구포동 305-2
13,흰여울문화마을,"[0.0, 0.0, 0.0, 0.10744039923697335, 0.0, 0.0, 0.0, 0.0, 0.1901986932506231, 0.0, 0.0, 0.2283374740650023, 0.0, 0.21250844985025844, 0.0, 0.0, 0.0, 0.0, 0.0, 0.18171691743849328, 0.21250844985025844, 0.21250844985025844, 0.2953115043040212, 0.20023050480135862, 0.0, 0.17436966903587925, 0.0, 0.0, 0.0, 0.0, 0.0, 0.0, 0.0, 0.2283374740650023, 0.11167499812370052, 0.0, 0.0, 0.0, 0.0, 0.0, 0.2953115043040212, 0.0, 0.0, 0.21250844985025844, 0.0, 0.0, 0.0, 0.0, 0.2283374740650023, 0.0, 0.0, 0.0, 0.21250844985025844, 0.0, 0.0, 0.0, 0.0, 0.0, 0.21250844985025844, 0.0, 0.0, 0.0, 0.0, 0.0, 0.0, 0.0, 0.2283374740650023, 0.21250844985025844, 0.2283374740650023, 0.0, 0.0, 0.0]",부산광역시 영도구 영선동4가 1043
14,가덕도외양포일본군포진지,"[0.271578969840097, 0.3097013416810925, 0.14411596761917944, 0.0, 0.15485067084054624, 0.0, 0.271578969840097, 0.14411596761917944, 0.0, 0.0, 0.14411596761917944, 0.15485067084054624, 0.0, 0.15146833384562075, 0.0, 0.0, 0.0, 0.0, 0.0, 0.15485067084054624, 0.0, 0.0, 0.0, 0.15146833384562075, 0.0, 0.0, 0.0, 0.0, 0.3097013416810925, 0.1182515499701258, 0.14411596761917944, 0.15485067084054624, 0.0, 0.1357894849200485, 0.20027016912427836, 0.0, 0.0, 0.0, 0.0, 0.14411596761917944, 0.0, 0.0, 0.14411596761917944, 0.0, 0.0, 0.14411596761917944, 0.3097013416810925, 0.15485067084054624, 0.0, 0.0, 0.1138565387638058, 0.0, 0.0, 0.0, 0.08597463156667591, 0.0, 0.15485067084054624, 0.0, 0.15485067084054624, 0.0, 0.0, 0.0, 0.0, 0.15485067084054624, 0.0, 0.0, 0.0, 0.0, 0.07573416692281038, 0.0, 0.0, 0.0, 0.14411596761917944, 0.0, 0.0, 0.0, 0.0, 0.0, 0.20027016912427836, 0.09238713232107218, 0.0, 0.0, 0.0, 0.15485067084054624, 0.15485067084054624, 0.0, 0.0, 0.0, 0.0, 0.1357894849200485, 0.0, 0.3097013416810925, 0.15485067084054624, 0.15485067084054624, 0.0, 0.0, 0.15485067084054624, 0.0, 0.0, 0.0, 0.0, 0.0, 0.0, 0.0, 0.0, 0.0, 0.15485067084054624, 0.0, 0.0, 0.0, 0.0, 0.0, 0.0, 0.0, 0.15485067084054624, 0.0, 0.1099250672709949, 0.0, 0.0, 0.0, 0.0, 0.0, 0.0, 0.0, 0.0, 0.0, 0.0, 0.0, 0.0, 0.0, 0.0]",부산광역시 강서구 대항동 산13-23
15,가덕도등대,"[0.3049687126735586, 0.0, 0.45745306901033783, 0.0, 0.0, 0.14484468960006838, 0.17388905249432132, 0.0, 0.17388905249432132, 0.0, 0.0, 0.0, 0.16183455275054334, 0.17388905249432132, 0.0, 0.0, 0.17388905249432132, 0.17009086826901876, 0.0, 0.17388905249432132, 0.0, 0.0, 0.0, 0.0, 0.0, 0.0, 0.14484468960006838, 0.0, 0.0, 0.12343999344252636, 0.1524843563367793, 0.1524843563367793, 0.0, 0.17388905249432132, 0.0, 0.0, 0.09654493029011217, 0.45745306901033783, 0.0, 0.0, 0.0, 0.0, 0.1524843563367793, 0.17009086826901876, 0.0, 0.17388905249432132, 0.0, 0.0, 0.17388905249432132, 0.0, 0.0, 0.138385443409841, 0.0, 0.0, 0.0, 0.0, 0.16183455275054334, 0.45745306901033783, 0.0, 0.0, 0.0, 0.0, 0.0, 0.0, 0.17388905249432132, 0.0, 0.0, 0.0, 0.3049687126735586, 0.0, 0.17388905249432132, 0.14484468960006838, 0.1524843563367793, 0.14484468960006838, 0.0, 0.0, 0.0]",부산광역시 강서구 대항동 가덕해안로 1237
16,가덕도대항인공동굴,"[0.0, 0.0, 0.0, 0.1018431239835886, 0.18028999553059943, 0.18028999553059943, 0.0, 0.0, 0.0, 0.2164418770448769, 0.20143749054696614, 0.0, 0.0, 0.0, 0.0, 0.0, 0.18979918420448114, 0.0, 0.2164418770448769, 0.0, 0.0, 0.0, 0.0, 0.0, 0.2164418770448769, 0.0, 0.11749542117592619, 0.2164418770448769, 0.0, 0.0, 0.0, 0.0, 0.0, 0.0, 0.0, 0.0, 0.0, 0.0, 0.0, 0.0, 0.0, 0.1722500910647709, 0.0, 0.0, 0.0, 0.0, 0.0, 0.0, 0.0, 0.0, 0.18979918420448114, 0.20143749054696614, 0.0, 0.0, 0.0, 0.0, 0.0, 0.2164418770448769, 0.0, 0.1486762915918004, 0.0, 0.0, 0.0, 0.3795983684089623, 0.0, 0.16528560903268866, 0.0, 0.0, 0.16528560903268866, 0.0, 0.2164418770448769, 0.18979918420448114, 0.0, 0.0, 0.0, 0.0, 0.13996339533455798, 0.0, 0.2164418770448769, 0.3795983684089623, 0.0, 0.0, 0.0, 0.0, 0.0, 0.0, 0.0, 0.0]",부산광역시 강서구 가덕해안로 1169번길
17,국립일제강제동원역사관,"[0.0, 0.17309176250576994, 0.0, 0.18222128864901468, 0.0, 0.0, 0.0, 0.0, 0.0, 0.0, 0.0, 0.0, 0.0, 0.15278859940350215, 0.20780024907924702, 0.19339492560803778, 0.0, 0.0, 0.1586864390345607, 0.18222128864901468, 0.0, 0.1955538994555145, 0.12397795246108363, 0.0, 0.20780024907924702, 0.17309176250576994, 0.0, 0.0, 0.0, 0.0, 0.20780024907924702, 0.0, 0.0, 0.0, 0.0, 0.14751280207553763, 0.0, 0.19339492560803778, 0.17309176250576994, 0.20780024907924702, 0.0, 0.0, 0.0, 0.0, 0.0, 0.20780024907924702, 0.0, 0.0, 0.0, 0.0, 0.0, 0.14751280207553763, 0.19339492560803778, 0.0, 0.0, 0.14274026286765723, 0.0, 0.0, 0.0, 0.0, 0.0, 0.0, 0.0, 0.0, 0.0, 0.0, 0.0, 0.0, 0.0, 0.20780024907924702, 0.0]",부산광역시 남구 홍곡로 320번길 100
18,UN기념관,"[0.0, 0.0, 0.0, 0.0, 0.0, 0.0, 0.0, 0.0, 0.0, 0.0, 0.0, 0.22072959268488015, 0.1685599185174931, 0.0, 0.0, 0.0, 0.18386154205443772, 0.20542796914793554, 0.0, 0.22072959268488015, 0.0, 0.0, 0.0, 0.0, 0.0, 0.1079541452837124, 0.0, 0.0, 0.0, 0.20542796914793554, 0.0, 0.0, 0.0, 0.0, 0.19355910784626637, 0.0, 0.0, 0.0, 0.0, 0.0, 0.0, 0.18386154205443772, 0.0, 0.22072959268488015, 0.0, 0.22072959268488015, 0.0, 0.0, 0.0, 0.0, 0.0, 0.0, 0.19355910784626637, 0.0, 0.0, 0.0, 0.22072959268488015, 0.0, 0.0, 0.0, 0.0, 0.0, 0.0, 0.0, 0.20542796914793554, 0.0, 0.20542796914793554, 0.0, 0.0, 0.0, 0.0, 0.0, 0.0, 0.0, 0.18386154205443772, 0.22072959268488015, 0.22072959268488015, 0.0, 0.20542796914793554, 0.0]",부산광역시 남구 대연동 유엔평화로 93
19,만벵듸 공동장지,"[0.0, 0.0, 0.0, 0.0, 0.1542666849686808, 0.0, 0.16372617208729162, 0.17592157205554332, 0.17592157205554332, 0.0, 0.0, 0.0, 0.0, 0.0, 0.0, 0.0, 0.0, 0.13434232125587986, 0.0, 0.1542666849686808, 0.0, 0.0, 0.32745234417458324, 0.0, 0.32745234417458324, 0.0, 0.0, 0.0, 0.0, 0.3085333699373616, 0.35184314411108664, 0.0, 0.0, 0.0, 0.0, 0.0, 0.0, 0.1542666849686808, 0.35184314411108664, 0.0, 0.0, 0.0, 0.0, 0.0, 0.0, 0.0, 0.0, 0.0, 0.17592157205554332, 0.0, 0.0, 0.21538876654821795, 0.0, 0.0, 0.0, 0.0, 0.0, 0.0, 0.0, 0.0, 0.3085333699373616, 0.0, 0.0, 0.0, 0.07831053244269721, 0.0, 0.12488283413726903, 0.0, 0.0, 0.21538876654821795, 0.0, 0.0, 0.0, 0.0, 0.0, 0.0, 0.14653772122413156, 0.0, 0.14653772122413156, 0.0, 0.0, 0.17592157205554332, 0.0, 0.0, 0.17592157205554332, 0.16372617208729162, 0.0, 0.13434232125587986, 0.0, 0.0, 0.0, 0.0, 0.12934927036097152, 0.16372617208729162, 0.0]","제주특별자치도 제주시 한림읍 금악리 2754번지 일대,갯거리오름길 112"
20,진아영할머니 집터,"[0.0, 0.0, 0.0, 0.0728844898796243, 0.0, 0.15238178263259458, 0.0, 0.12038681506168428, 0.14357773199397422, 0.0, 0.16373217801158682, 0.16373217801158682, 0.0, 0.0, 0.16373217801158682, 0.15238178263259458, 0.0, 0.0, 0.0, 0.0, 0.0, 0.0, 0.0, 0.0, 0.0, 0.13030233778134137, 0.0, 0.0, 0.0, 0.0, 0.0, 0.0, 0.0, 0.0, 0.0, 0.0, 0.16373217801158682, 0.16373217801158682, 0.0, 0.0, 0.0, 0.0, 0.0, 0.0, 0.0, 0.32746435602317364, 0.0, 0.0, 0.13638429884713943, 0.0, 0.0, 0.21807283936538405, 0.32746435602317364, 0.0, 0.0, 0.21807283936538405, 0.0, 0.0, 0.0, 0.0, 0.0, 0.0, 0.0, 0.0, 0.0, 0.0, 0.16015584605291822, 0.0, 0.15238178263259458, 0.0, 0.0, 0.0, 0.0, 0.27276859769427886, 0.0, 0.15238178263259458, 0.0, 0.0, 0.16015584605291822, 0.10587836269444499, 0.16373217801158682, 0.0, 0.0, 0.0, 0.0, 0.0, 0.0, 0.0, 0.0, 0.0, 0.0, 0.0, 0.16373217801158682, 0.0, 0.0, 0.0, 0.32746435602317364, 0.0, 0.15238178263259458, 0.0, 0.0, 0.0, 0.16373217801158682, 0.0, 0.15238178263259458, 0.0, 0.0, 0.0, 0.11622985282952684, 0.0, 0.16373217801158682, 0.0, 0.0, 0.32746435602317364, 0.16373217801158682, 0.27276859769427886, 0.16373217801158682, 0.0]","제주특별자치도 제주시 한림읍 월령리 381, 월령1길 22"
21,한모살 (표선백사장),"[0.0, 0.32436847138016184, 0.0, 0.0, 0.0, 0.0, 0.0, 0.11913853643277933, 0.0, 0.0, 0.0, 0.0, 0.0, 0.09644569783626562, 0.0, 0.0, 0.1264439987297414, 0.11316953911586317, 0.0, 0.0, 0.0, 0.0, 0.1264439987297414, 0.0, 0.0, 0.11316953911586317, 0.0, 0.10375116013322769, 0.0, 0.0, 0.2162456475867746, 0.0, 0.0, 0.0, 0.0, 0.13586237771237689, 0.1264439987297414, 0.13586237771237689, 0.0, 0.0, 0.11913853643277933, 0.0, 0.0, 0.0, 0.2162456475867746, 0.0, 0.0, 0.1264439987297414, 0.0, 0.0, 0.0, 0.13586237771237689, 0.1264439987297414, 0.0, 0.11316953911586317, 0.0, 0.0, 0.0, 0.13586237771237689, 0.0, 0.06047839962587364, 0.0, 0.13289479388557962, 0.0, 0.11913853643277933, 0.11913853643277933, 0.08105832153671395, 0.13586237771237689, 0.0, 0.0, 0.1264439987297414, 0.0, 0.0, 0.0, 0.13586237771237689, 0.0, 0.0, 0.0, 0.11913853643277933, 0.1264439987297414, 0.1264439987297414, 0.13586237771237689, 0.0, 0.0, 0.0, 0.0, 0.0, 0.0, 0.0, 0.0, 0.0, 0.13586237771237689, 0.0, 0.0, 0.0, 0.32436847138016184, 0.0, 0.11913853643277933, 0.0, 0.1264439987297414, 0.0, 0.0, 0.0, 0.0, 0.13586237771237689, 0.11316953911586317, 0.0, 0.11316953911586317, 0.0, 0.13586237771237689, 0.0, 0.13586237771237689, 0.0, 0.0, 0.0, 0.0, 0.11913853643277933, 0.0, 0.0, 0.0, 0.13289479388557962, 0.11913853643277933, 0.0, 0.0, 0.32436847138016184, 0.0, 0.13586237771237689, 0.0, 0.1264439987297414, 0.0, 0.09047670051934943, 0.11913853643277933, 0.11913853643277933, 0.0, 0.0]",제주특별자치도 서귀포시 표선면 표선리
22,중문리 신사터,"[0.0, 0.28518143214226926, 0.15931619464591606, 0.0, 0.0, 0.14259071607113463, 0.0, 0.0, 0.0, 0.13623198423162206, 0.0, 0.0, 0.0, 0.08054736444472615, 0.1711831105479803, 0.0, 0.0, 0.0, 0.0, 0.1711831105479803, 0.1711831105479803, 0.0, 0.1711831105479803, 0.1307238001690704, 0.10479362651209012, 0.0, 0.1711831105479803, 0.15931619464591606, 0.0, 0.1711831105479803, 0.1711831105479803, 0.0, 0.0, 0.1711831105479803, 0.0, 0.3423662210959606, 0.0, 0.0, 0.0, 0.15931619464591606, 0.0, 0.0, 0.1711831105479803, 0.0, 0.0, 0.0, 0.07620123203524447, 0.0, 0.08372201552782702, 0.14259071607113463, 0.0, 0.3423662210959606, 0.15931619464591606, 0.1307238001690704, 0.0, 0.0, 0.15931619464591606, 0.0, 0.13623198423162206, 0.12586523749635325, 0.15931619464591606, 0.0, 0.14259071607113463, 0.0, 0.0, 0.0, 0.15931619464591606, 0.0, 0.0, 0.0, 0.0, 0.0, 0.1711831105479803, 0.0, 0.0, 0.0, 0.12586523749635325, 0.28518143214226926, 0.0, 0.1711831105479803, 0.0]","제주특별자치도 서귀포시 중문동 1498번지 일대, 천제연로 149"
23,함덕백사장 & 서우봉,"[0.0, 0.0, 0.12476818009884723, 0.0, 0.0, 0.0, 0.06333618057217412, 0.0, 0.1391744608770696, 0.0, 0.22646388575472884, 0.0, 0.0, 0.0, 0.13241884681731061, 0.0695872304385348, 0.0, 0.12476818009884723, 0.1391744608770696, 0.0, 0.0, 0.0, 0.14228227170341107, 0.0, 0.13241884681731061, 0.0, 0.14228227170341107, 0.10100303862792272, 0.12476818009884723, 0.0, 0.0, 0.0, 0.0, 0.0, 0.0, 0.14228227170341107, 0.0, 0.10100303862792272, 0.09475198876156202, 0.11851713023248654, 0.12476818009884723, 0.0, 0.22646388575472884, 0.0, 0.0, 0.11851713023248654, 0.0, 0.0, 0.14228227170341107, 0.18401531270581706, 0.14228227170341107, 0.0, 0.13241884681731061, 0.26483769363462123, 0.0, 0.0, 0.0, 0.0, 0.0, 0.14228227170341107, 0.0, 0.13241884681731061, 0.0, 0.0, 0.0, 0.0, 0.09475198876156202, 0.10461541364766248, 0.13241884681731061, 0.14228227170341107, 0.0, 0.14228227170341107, 0.0, 0.13241884681731061, 0.0, 0.14228227170341107, 0.14228227170341107, 0.0, 0.14228227170341107, 0.14228227170341107, 0.0, 0.0, 0.13241884681731061, 0.18401531270581706, 0.10865370534638609, 0.13241884681731061, 0.14228227170341107, 0.26483769363462123, 0.0, 0.0, 0.0, 0.14228227170341107, 0.0, 0.14228227170341107, 0.14228227170341107, 0.14228227170341107, 0.0, 0.0, 0.14228227170341107, 0.0, 0.0, 0.0, 0.0, 0.0, 0.14228227170341107, 0.0, 0.14228227170341107, 0.0, 0.0]",제주특별자치도 제주시 조천읍 함덕리 1008번지
24,조천중학원 옛터,"[0.1705985751977684, 0.14959891699825598, 0.0, 0.14959891699825598, 0.0, 0.0, 0.0, 0.0, 0.1705985751977684, 0.0, 0.0, 0.14210381456613924, 0.0, 0.1705985751977684, 0.0, 0.0, 0.277828187204993, 0.0, 0.0, 0.0, 0.0, 0.0, 0.0, 0.0, 0.0, 0.5983956679930239, 0.0, 0.0, 0.0, 0.0, 0.3175443620053356, 0.0, 0.0, 0.07594102929846912, 0.0, 0.13576679575386874, 0.0, 0.0, 0.0, 0.0, 0.08343613173058588, 0.0, 0.14210381456613924, 0.5983956679930239, 0.0, 0.14210381456613924, 0.0, 0.0, 0.0, 0.14210381456613924, 0.0, 0.12110415636662683, 0.0, 0.0, 0.0, 0.0, 0.0, 0.0, 0.5983956679930239, 0.3175443620053356, 0.0, 0.13576679575386874, 0.0, 0.0, 0.14210381456613924, 0.0, 0.0, 0.0, 0.0, 0.0, 0.5983956679930239, 0.14210381456613924, 0.0, 0.277828187204993, 0.0, 0.0, 0.14959891699825598, 0.0]","제주특별자치도 제주시 조천읍 조천리 2347번지, 신북로264(현 조천보건지소)"
25,종남마을,"[0.0, 0.0, 0.09441768564201646, 0.15423374165867856, 0.0, 0.0, 0.19947228745596085, 0.0, 0.0, 0.21897424577185878, 0.15423374165867856, 0.0, 0.0, 0.0, 0.06865631251923515, 0.0, 0.12274323439017024, 0.16745149952629618, 0.0, 0.14354180577981018, 0.12847236853589725, 0.0, 0.0, 0.0, 0.0, 0.14354180577981018, 0.0, 0.0, 0.0, 0.14354180577981018, 0.0, 0.0, 0.0, 0.0, 0.3682297031705107, 0.0, 0.0, 0.0, 0.0, 0.0, 0.0, 0.09201905953424758, 0.0, 0.0, 0.0, 0.21897424577185878, 0.3682297031705107, 0.0, 0.3084674833173571, 0.11778043265702888, 0.0, 0.0, 0.0, 0.0, 0.0, 0.12847236853589725, 0.0, 0.09201905953424758, 0.14354180577981018, 0.0, 0.0, 0.0, 0.15423374165867856, 0.0, 0.0, 0.0, 0.0, 0.3682297031705107, 0.0, 0.0, 0.0, 0.16745149952629618, 0.0, 0.3084674833173571, 0.19947228745596085, 0.0, 0.0, 0.0, 0.1352484960087107, 0.12274323439017024, 0.0, 0.0, 0.0, 0.0, 0.0, 0.0, 0.11340293129198432, 0.0, 0.14354180577981018, 0.15423374165867856, 0.0, 0.0, 0.0, 0.12847236853589725, 0.0, 0.0, 0.0, 0.0]",제주특별자치도 제주시 조천읍 와산리 464번지 일대
26,불카분낭 (불타버린 나무),"[0.18594771237401464, 0.0, 0.15257577328093416, 0.15900471308860956, 0.0, 0.0, 0.0, 0.19979831852129262, 0.19979831852129262, 0.08893913646711879, 0.0, 0.0, 0.15900471308860956, 0.19979831852129262, 0.0, 0.0, 0.19979831852129262, 0.0, 0.16642637942821217, 0.0, 0.0, 0.19979831852129262, 0.0, 0.1330544403351317, 0.1418324085060017, 0.19979831852129262, 0.3718954247480293, 0.0, 0.19979831852129262, 0.19979831852129262, 0.0, 0.0, 0.0, 0.0, 0.16642637942821217, 0.0, 0.0, 0.3718954247480293, 0.0, 0.1292007416687552, 0.0, 0.0, 0.17520434759908213, 0.0, 0.0, 0.0, 0.0, 0.0, 0.0, 0.0, 0.0, 0.0, 0.18594771237401464, 0.0, 0.0, 0.0, 0.0, 0.11920383418785371, 0.0, 0.0, 0.0, 0.0, 0.0, 0.0, 0.0, 0.0, 0.0, 0.0, 0.0, 0.0, 0.0, 0.18594771237401464, 0.0, 0.0, 0.0, 0.0, 0.19979831852129262, 0.0, 0.0, 0.0, 0.0, 0.0, 0.0, 0.0, 0.0, 0.0, 0.0, 0.19979831852129262, 0.09771710463798876, 0.15257577328093416, 0.0, 0.0, 0.0]",제주특별자치도 제주시 조천읍 선흘리 1136-2번지
27,목시물굴,"[0.0, 0.13420529261097877, 0.12011602973863877, 0.0782799037882616, 0.0, 0.13420529261097877, 0.0, 0.1442017837057228, 0.0, 0.1442017837057228, 0.12011602973863877, 0.0, 0.17206756935362139, 0.1442017837057228, 0.1442017837057228, 0.0, 0.12011602973863877, 0.13420529261097877, 0.0, 0.0, 0.0, 0.0, 0.22023907728778946, 0.0, 0.14105204579942504, 0.11475954059418501, 0.0, 0.0, 0.0, 0.0, 0.0, 0.0, 0.12645141172242966, 0.0, 0.0, 0.0, 0.0, 0.11011953864389473, 0.1442017837057228, 0.1442017837057228, 0.0, 0.0, 0.0, 0.0, 0.0, 0.07052602289971252, 0.0, 0.0, 0.0, 0.1442017837057228, 0.0, 0.0, 0.13420529261097877, 0.0, 0.0, 0.0, 0.0, 0.0, 0.13420529261097877, 0.0, 0.0, 0.0, 0.0, 0.13420529261097877, 0.0, 0.2529028234448593, 0.1442017837057228, 0.0, 0.0, 0.0, 0.11011953864389473, 0.22023907728778946, 0.0, 0.0, 0.12011602973863877, 0.0, 0.0, 0.0, 0.0, 0.0, 0.1442017837057228, 0.13420529261097877, 0.0, 0.0, 0.0, 0.0, 0.0, 0.0, 0.0, 0.0, 0.0, 0.1442017837057228, 0.0, 0.0, 0.0, 0.2529028234448593, 0.12011602973863877, 0.0, 0.0, 0.0, 0.0, 0.0, 0.1442017837057228, 0.12011602973863877, 0.12645141172242966, 0.0, 0.0, 0.0, 0.0, 0.0, 0.13420529261097877, 0.12645141172242966, 0.0, 0.0, 0.06419064091592162, 0.0, 0.14105204579942504, 0.17206756935362139, 0.0, 0.0, 0.0, 0.0, 0.0, 0.1442017837057228, 0.0, 0.0, 0.1442017837057228, 0.1442017837057228, 0.12645141172242966, 0.0, 0.1442017837057228, 0.0, 0.11475954059418501, 0.0, 0.0, 0.13420529261097877, 0.1442017837057228, 0.0, 0.0, 0.0, 0.0]",제주특별자치도 제주시 조천읍 선흘리 산26번지 일대
28,낙선동 4.3성,"[0.0962566531080337, 0.1026069698286828, 0.13452166196885634, 0.14454171832997062, 0.13452166196885634, 0.14454171832997062, 0.093468740620649, 0.11503006943445473, 0.11037912935788788, 0.0, 0.0, 0.0, 0.13452166196885634, 0.13452166196885634, 0.0, 0.11037912935788788, 0.0, 0.14454171832997062, 0.0, 0.0, 0.0962566531080337, 0.13452166196885634, 0.0, 0.0, 0.0, 0.14454171832997062, 0.0, 0.0, 0.08623659674691943, 0.106276709469148, 0.0, 0.14454171832997062, 0.0, 0.0, 0.0, 0.12039918571900217, 0.0, 0.12039918571900217, 0.0, 0.1413845553770185, 0.0, 0.0, 0.0, 0.0, 0.13452166196885634, 0.0, 0.12039918571900217, 0.0, 0.0, 0.0, 0.12674950243965125, 0.12039918571900217, 0.12039918571900217, 0.0, 0.0, 0.0, 0.0, 0.0, 0.0, 0.0, 0.11037912935788788, 0.0, 0.0, 0.08025099866845133, 0.0, 0.0, 0.0, 0.0, 0.0, 0.0, 0.0, 0.0, 0.14454171832997062, 0.2690433239377127, 0.0, 0.12674950243965125, 0.13452166196885634, 0.11503006943445473, 0.14454171832997062, 0.0, 0.0, 0.2690433239377127, 0.0, 0.0, 0.0, 0.0, 0.0, 0.13452166196885634, 0.0, 0.0, 0.0, 0.0, 0.0, 0.0, 0.0, 0.14454171832997062, 0.0, 0.0, 0.0, 0.0, 0.0, 0.0, 0.06434196096786016, 0.0, 0.1413845553770185, 0.0, 0.0, 0.2534990048793025, 0.14454171832997062, 0.12039918571900217, 0.0, 0.14454171832997062, 0.07069227768850925, 0.0, 0.2534990048793025, 0.0]","제주특별자치도 제주시 조천읍 선흘리 2720번지, 선흘서5길7"
29,북촌국민학교,"[0.12210939486091078, 0.12210939486091078, 0.10171369124262958, 0.12210939486091078, 0.11364441303514689, 0.12210939486091078, 0.12210939486091078, 0.10707846302542633, 0.0897829694501123, 0.12210939486091078, 0.12210939486091078, 0.11364441303514689, 0.12210939486091078, 0.0, 0.22728882607029377, 0.0, 0.0, 0.12210939486091078, 0.0, 0.0, 0.0, 0.0, 0.0, 0.0, 0.11364441303514689, 0.0, 0.12210939486091078, 0.11364441303514689, 0.0, 0.0, 0.0, 0.22728882607029377, 0.0, 0.12210939486091078, 0.0, 0.11364441303514689, 0.0, 0.12210939486091078, 0.0, 0.0, 0.0, 0.0, 0.0, 0.12210939486091078, 0.0, 0.0, 0.0, 0.12210939486091078, 0.0, 0.0, 0.0, 0.11364441303514689, 0.0728530057985845, 0.12210939486091078, 0.12210939486091078, 0.0, 0.0, 0.10707846302542633, 0.08668275940714515, 0.0, 0.0, 0.0, 0.0, 0.0, 0.0, 0.11364441303514689, 0.0, 0.0, 0.0, 0.0, 0.10171369124262958, 0.0, 0.11364441303514689, 0.11364441303514689, 0.24421878972182157, 0.0932487094168657, 0.0, 0.0, 0.0, 0.0, 0.0, 0.11364441303514689, 0.0, 0.0, 0.0, 0.10707846302542633, 0.12210939486091078, 0.0, 0.145706011597169, 0.0, 0.0, 0.0, 0.0, 0.0, 0.10707846302542633, 0.0, 0.09717784133009949, 0.0, 0.0, 0.0, 0.10707846302542633, 0.0, 0.05435633399634666, 0.0, 0.12210939486091078, 0.0, 0.0, 0.0, 0.0, 0.12210939486091078, 0.12210939486091078, 0.0, 0.0, 0.0, 0.0, 0.0, 0.0, 0.0, 0.11364441303514689, 0.12210939486091078, 0.12210939486091078, 0.0, 0.0, 0.24421878972182157, 0.0, 0.0, 0.0, 0.07475203761462784, 0.0, 0.0, 0.0, 0.0, 0.0, 0.0, 0.12210939486091078, 0.0, 0.0, 0.0]","제주특별자치도 제주시 조천면 북촌리 1212번지, 일주동로 1481"
30,너븐숭이 4.3기념관,"[0.24462302544578912, 0.07297359352066661, 0.0, 0.12231151272289456, 0.0, 0.0, 0.0, 0.10725570139464322, 0.0, 0.22766503898683846, 0.0, 0.11383251949341923, 0.20376409947303648, 0.0, 0.0, 0.0, 0.0, 0.11383251949341923, 0.05444630566498961, 0.0, 0.11963991464622918, 0.0, 0.0, 0.0, 0.0, 0.08993157997961726, 0.10725570139464322, 0.0, 0.12231151272289456, 0.12231151272289456, 0.10188204973651824, 0.12231151272289456, 0.11383251949341923, 0.12231151272289456, 0.12231151272289456, 0.10725570139464322, 0.08993157997961726, 0.12231151272289456, 0.12231151272289456, 0.11383251949341923, 0.11383251949341923, 0.0, 0.0, 0.0, 0.11383251949341923, 0.0, 0.0, 0.0, 0.0, 0.0, 0.11383251949341923, 0.0, 0.0, 0.0, 0.11963991464622918, 0.0, 0.0, 0.12231151272289456, 0.0, 0.09340305650704292, 0.0, 0.0, 0.0, 0.11383251949341923, 0.0, 0.11383251949341923, 0.22766503898683846, 0.08145258675014193, 0.0, 0.0, 0.11383251949341923, 0.0, 0.0, 0.0, 0.0, 0.07487576865136593, 0.20376409947303648, 0.0, 0.0, 0.0840171152593213, 0.0, 0.11383251949341923, 0.12231151272289456, 0.12231151272289456, 0.12231151272289456, 0.24462302544578912, 0.12231151272289456, 0.11383251949341923, 0.0, 0.0, 0.12231151272289456, 0.12231151272289456, 0.12231151272289456, 0.0, 0.0, 0.11383251949341923, 0.0]","제주특별자치도 제주시 조천면 북촌리 1599번지, 북촌3길3"
31,이덕구 산전,"[0.08423252018714386, 0.08978957171652212, 0.1177175628024628, 0.1177175628024628, 0.0, 0.0, 0.3019824292527034, 0.09659085311684988, 0.0, 0.0, 0.0, 0.0, 0.0, 0.0, 0.0, 0.0, 0.0, 0.0, 0.10066080975090115, 0.0, 0.2354351256049256, 0.2354351256049256, 0.0, 0.09659085311684988, 0.18600179388610158, 0.0, 0.0, 0.0, 0.0, 0.0, 0.0, 0.08423252018714386, 0.22639243029371084, 0.0, 0.0, 0.12648593955836973, 0.12648593955836973, 0.3019824292527034, 0.0, 0.10066080975090115, 0.0, 0.0702262508316384, 0.2354351256049256, 0.0, 0.0, 0.0, 0.0, 0.0, 0.3019824292527034, 0.0, 0.0, 0.12648593955836973, 0.0, 0.0, 0.0, 0.0, 0.0, 0.0, 0.0, 0.0, 0.0, 0.0, 0.0, 0.0, 0.12648593955836973, 0.0, 0.2354351256049256, 0.2354351256049256, 0.0, 0.1053592298727568, 0.0, 0.0, 0.0, 0.2354351256049256, 0.0, 0.0, 0.0, 0.0, 0.0, 0.0, 0.1177175628024628, 0.0, 0.1177175628024628, 0.0, 0.0, 0.0, 0.0, 0.10066080975090115, 0.05630452910120318, 0.0, 0.0, 0.08978957171652212, 0.12648593955836973, 0.1177175628024628, 0.22639243029371084, 0.1053592298727568, 0.0, 0.0, 0.1053592298727568, 0.1177175628024628, 0.22639243029371084, 0.12648593955836973, 0.18600179388610158, 0.0, 0.1177175628024628, 0.12648593955836973, 0.0, 0.12648593955836973, 0.0, 0.0, 0.0, 0.0, 0.12648593955836973, 0.0, 0.0, 0.1053592298727568, 0.0, 0.0, 0.0, 0.12648593955836973, 0.0]",제주특별자치도 제주시 조천면 교래리 산 137-1번지
32,오림반,"[0.08121943007005245, 0.0, 0.0, 0.0, 0.0, 0.0, 0.1393325575288943, 0.0, 0.0, 0.0, 0.18245629768682964, 0.0, 0.0, 0.3396157826972156, 0.15999702519097103, 0.0, 0.0, 0.0, 0.0, 0.0, 0.0, 0.0, 0.12952169137125755, 0.3396157826972156, 0.0, 0.0, 0.15198096386711618, 0.15198096386711618, 0.18245629768682964, 0.0, 0.0, 0.1698078913486078, 0.0, 0.15999702519097103, 0.0, 0.0, 0.1698078913486078, 0.0, 0.1698078913486078, 0.0, 0.15999702519097103, 0.0, 0.0, 0.0, 0.0, 0.0, 0.0, 0.0, 0.0, 0.0, 0.18245629768682964, 0.0, 0.0, 0.0, 0.18245629768682964, 0.0, 0.0, 0.18245629768682964, 0.15999702519097103, 0.0, 0.0, 0.10130154997389605, 0.18245629768682964, 0.0, 0.0, 0.0, 0.0, 0.18245629768682964, 0.0, 0.0, 0.0, 0.18245629768682964, 0.0, 0.0, 0.0, 0.0, 0.0, 0.0, 0.0, 0.0, 0.0, 0.0, 0.0, 0.0, 0.0, 0.1253312255835914, 0.0, 0.0, 0.0, 0.15999702519097103, 0.0, 0.0, 0.0, 0.0, 0.12150563004740268, 0.15999702519097103, 0.15999702519097103, 0.0, 0.0]",제주특별자치도 서귀포시 남원읍 신례리 산 2-1번지 일대
33,조일구락부 옛터,"[0.0, 0.0, 0.15041432044439917, 0.17152843932322195, 0.0, 0.0, 0.0, 0.0, 0.15963758421640065, 0.0, 0.0763549532642045, 0.0, 0.17152843932322195, 0.0, 0.14287836522754993, 0.0, 0.0, 0.0, 0.0, 0.0, 0.0, 0.0, 0.0, 0.0, 0.0, 0.0, 0.1365068058779448, 0.0, 0.0, 0.17152843932322195, 0.0, 0.0, 0.0, 0.0, 0.0, 0.0, 0.0, 0.0, 0.0, 0.0, 0.0, 0.0, 0.0, 0.0, 0.0, 0.0, 0.0, 0.0, 0.0, 0.17152843932322195, 0.16778181696210748, 0.0, 0.0, 0.0, 0.0, 0.0, 0.13098751012072865, 0.0, 0.0, 0.0, 0.0, 0.0, 0.0, 0.0, 0.0, 0.0, 0.0, 0.14287836522754993, 0.0, 0.0, 0.0, 0.17152843932322195, 0.0, 0.0, 0.0, 0.0, 0.0, 0.0, 0.16778181696210748, 0.0, 0.0, 0.0, 0.0, 0.0, 0.0, 0.17152843932322195, 0.15041432044439917, 0.0, 0.0, 0.15963758421640065, 0.0, 0.11422829113187793, 0.15041432044439917, 0.15041432044439917, 0.0, 0.0]","제주특별자치도 제주시 삼도2동 907-11번지, 관덕로2길 11"
34,제주농업학교 옛터,"[0.10494171784030519, 0.11137664465756841, 0.0, 0.0, 0.0, 0.0, 0.11705874841139063, 0.0, 0.0, 0.0, 0.0, 0.0, 0.0, 0.11967270820931818, 0.0, 0.09138793624889507, 0.053271656166034964, 0.0, 0.0, 0.09968399980064484, 0.0, 0.0, 0.0, 0.0, 0.0, 0.0, 0.0, 0.0, 0.09968399980064484, 0.11137664465756841, 0.0, 0.0, 0.0, 0.0, 0.11137664465756841, 0.0, 0.09138793624889507, 0.23934541641863635, 0.0, 0.0, 0.0, 0.0, 0.07139922784022174, 0.0, 0.0, 0.0, 0.0, 0.10494171784030519, 0.0, 0.0, 0.0, 0.11967270820931818, 0.11967270820931818, 0.0, 0.0, 0.11967270820931818, 0.0, 0.0, 0.0, 0.0, 0.0, 0.0, 0.0, 0.19936799960128967, 0.0, 0.11967270820931818, 0.0, 0.0, 0.0, 0.09523866253825176, 0.11967270820931818, 0.0, 0.0, 0.0, 0.0, 0.0, 0.19936799960128967, 0.0, 0.0, 0.0, 0.11967270820931818, 0.09523866253825176, 0.0, 0.0, 0.0, 0.0, 0.0, 0.0, 0.0, 0.10494171784030519, 0.0, 0.0, 0.0, 0.0, 0.0, 0.0, 0.0, 0.09138793624889507, 0.11137664465756841, 0.0, 0.0, 0.11967270820931818, 0.0, 0.0, 0.0, 0.09523866253825176, 0.0, 0.0, 0.0, 0.0, 0.0, 0.0, 0.09968399980064484, 0.0, 0.0, 0.10494171784030519, 0.0, 0.0, 0.09968399980064484, 0.0, 0.0, 0.11705874841139063, 0.09968399980064484, 0.11967270820931818, 0.11967270820931818, 0.0, 0.0, 0.0, 0.0, 0.0, 0.11967270820931818, 0.0, 0.0, 0.0, 0.0, 0.10494171784030519, 0.0, 0.0, 0.0, 0.0, 0.0, 0.0, 0.0, 0.0, 0.22275328931513683, 0.0, 0.0, 0.0, 0.0, 0.23934541641863635, 0.0, 0.0, 0.0, 0.0, 0.09968399980064484, 0.11967270820931818, 0.11967270820931818, 0.0, 0.0, 0.0, 0.11137664465756841, 0.0796952913919715, 0.0, 0.0, 0.0, 0.0, 0.0, 0.0, 0.0, 0.0796952913919715, 0.08495300943163187, 0.06496430102295853, 0.22275328931513683, 0.0, 0.11137664465756841, 0.11967270820931818, 0.0, 0.0, 0.08799135494372129, 0.0, 0.0, 0.08220449159022933, 0.11967270820931818, 0.09138793624889507, 0.0, 0.0, 0.0, 0.11137664465756841, 0.0, 0.0]","제주특별자치도 제주시 삼도1동 305-4번지 일대, 전농로100"
35,곤흘동(곤을동) 마을터,"[0.06707757628412149, 0.15068717197412848, 0.15068717197412848, 0.15068717197412848, 0.15068717197412848, 0.15068717197412848, 0.15068717197412848, 0.15068717197412848, 0.15068717197412848, 0.15068717197412848, 0.15068717197412848, 0.12551817574609847, 0.14024109472028826, 0.10034917951806843, 0.11992078173233894, 0.14024109472028826, 0.15068717197412848, 0.15068717197412848, 0.15068717197412848, 0.15068717197412848, 0.15068717197412848, 0.15068717197412848, 0.15068717197412848, 0.15068717197412848, 0.15068717197412848, 0.12551817574609847, 0.15068717197412848, 0.15068717197412848, 0.15068717197412848, 0.15068717197412848, 0.15068717197412848, 0.10696949148634131, 0.15068717197412848, 0.13213848771437134, 0.15068717197412848, 0.15068717197412848, 0.15068717197412848, 0.15068717197412848, 0.15068717197412848, 0.15068717197412848, 0.15068717197412848, 0.15068717197412848, 0.15068717197412848, 0.15068717197412848, 0.15068717197412848, 0.15068717197412848, 0.15068717197412848, 0.15068717197412848, 0.15068717197412848, 0.15068717197412848, 0.15068717197412848, 0.15068717197412848, 0.15068717197412848, 0.13213848771437134, 0.15068717197412848, 0.3452162954767747, 0.15068717197412848, 0.15068717197412848, 0.15068717197412848, 0.15068717197412848, 0.15068717197412848, 0.15068717197412848, 0.15068717197412848, 0.15068717197412848, 0.15068717197412848, 0.3452162954767747, 0.15068717197412848, 0.15068717197412848, 0.08990310226422821, 0.15068717197412848, 0.14024109472028826, 0.15068717197412848, 0.15068717197412848, 0.15068717197412848, 0.15068717197412848, 0.15068717197412848, 0.15068717197412848, 0.15068717197412848, 0.15068717197412848, 0.15068717197412848, 0.19488546773680532, 0.15068717197412848, 0.14024109472028826, 0.15068717197412848, 0.15068717197412848, 0.15068717197412848, 0.14024109472028826, 0.15068717197412848, 0.15068717197412848, 0.15068717197412848, 0.15068717197412848, 0.15068717197412848, 0.15068717197412848, 0.15068717197412848, 0.15068717197412848, 0.15068717197412848, 0.19488546773680532, 0.11992078173233894, 0.15068717197412848, 0.15068717197412848, 0.15068717197412848, 0.11992078173233894, 0.15068717197412848, 0.15068717197412848, 0.15068717197412848, 0.14024109472028826, 0.15068717197412848, 0.15068717197412848, 0.15068717197412848, 0.15068717197412848, 0.11992078173233894, 0.15068717197412848, 0.15068717197412848, 0.15068717197412848, 0.15068717197412848, 0.15068717197412848, 0.15068717197412848, 0.15068717197412848, 0.15068717197412848, 0.15068717197412848, 0.09224657251215151, 0.15068717197412848, 0.15068717197412848, 0.15068717197412848, 0.11992078173233894, 0.15068717197412848, 0.15068717197412848, 0.13213848771437134, 0.15068717197412848, 0.15068717197412848, 0.15068717197412848, 0.15068717197412848, 0.3452162954767747, 0.15068717197412848, 0.14024109472028826, 0.15068717197412848, 0.15068717197412848]",제주특별자치도 제주시 화북 1동 4438
36,4·3해원방사탑,"[0.0, 0.0, 0.12566584622839355, 0.1943318935146656, 0.0, 0.0, 0.0, 0.0, 0.0, 0.0, 0.26697740437524076, 0.0, 0.0, 0.0, 0.14840134364288157, 0.0, 0.0, 0.0, 0.0, 0.1943318935146656, 0.0, 0.1808602360009936, 0.0, 0.0, 0.0, 0.0, 0.14840134364288157, 0.0, 0.0, 0.0, 0.0, 0.0, 0.0, 0.0, 0.0, 0.15465438949113391, 0.0, 0.0, 0.0, 0.32374600231310713, 0.17041080662199262, 0.1943318935146656, 0.0, 0.26697740437524076, 0.0, 0.17041080662199262, 0.0, 0.0, 0.0, 0.13795191426388062, 0.11594245128476956, 0.0, 0.0, 0.0, 0.0, 0.0, 0.0, 0.0, 0.0, 0.0, 0.0, 0.0, 0.1943318935146656, 0.0, 0.0, 0.0, 0.1730115741226571, 0.0, 0.0, 0.0, 0.0, 0.0, 0.0, 0.0, 0.0, 0.0, 0.32374600231310713, 0.1943318935146656, 0.0, 0.0, 0.0, 0.0, 0.0, 0.0, 0.0, 0.0, 0.0, 0.0, 0.0, 0.0, 0.0, 0.0, 0.1943318935146656, 0.0, 0.1808602360009936, 0.1730115741226571, 0.0, 0.0, 0.0, 0.0, 0.0, 0.17041080662199262, 0.0, 0.0, 0.0, 0.0, 0.0, 0.0, 0.0, 0.15465438949113391, 0.1808602360009936, 0.0, 0.0, 0.16187300115655356, 0.0]","제주특별자치도 제주시 일도2동 837-20번지 일대, 신산로82"
37,제주국제공항(정뜨르비행장),"[0.20381237402165378, 0.0, 0.0, 0.0, 0.15261886289475457, 0.0, 0.0, 0.0, 0.13383239910469816, 0.14203887515388983, 0.15261886289475457, 0.0, 0.28407775030777965, 0.0, 0.0, 0.13383239910469816, 0.0, 0.0, 0.149285274326553, 0.0, 0.0, 0.15261886289475457, 0.0, 0.0, 0.0, 0.149285274326553, 0.15261886289475457, 0.0, 0.0, 0.14203887515388983, 0.0, 0.0, 0.0, 0.0, 0.0, 0.0, 0.0, 0.0, 0.0, 0.0, 0.09342910095333291, 0.20381237402165378, 0.0, 0.20381237402165378, 0.0, 0.28407775030777965, 0.0, 0.28407775030777965, 0.0, 0.0, 0.0, 0.0, 0.0, 0.0, 0.2676647982093963, 0.0, 0.0, 0.0, 0.0746426371632765, 0.0, 0.0, 0.15261886289475457, 0.12712721994863957, 0.0, 0.15261886289475457, 0.0, 0.0, 0.0, 0.0, 0.0, 0.14203887515388983, 0.0, 0.0, 0.0, 0.13383239910469816, 0.0, 0.14203887515388983, 0.0, 0.0, 0.0, 0.0, 0.0, 0.2676647982093963, 0.09105558926165984, 0.0, 0.0, 0.28407775030777965, 0.0, 0.0, 0.0, 0.14203887515388983, 0.11654723220777484, 0.0, 0.0, 0.0, 0.14203887515388983, 0.0, 0.0, 0.0, 0.0, 0.0, 0.0, 0.12145807175000889, 0.0, 0.13383239910469816, 0.0, 0.0, 0.0, 0.0, 0.15261886289475457, 0.14203887515388983, 0.0, 0.0, 0.25425443989727914, 0.0, 0.0, 0.0, 0.0, 0.11654723220777484, 0.0, 0.25425443989727914, 0.0, 0.0, 0.0, 0.0, 0.0, 0.0, 0.12712721994863957, 0.0, 0.12712721994863957, 0.0, 0.0, 0.0, 0.0, 0.0, 0.0, 0.0]",제주특별자치도 제주시 용담2동 1805번지 일대
38,도령마루,"[0.07646213747550029, 0.0, 0.0, 0.0, 0.11438864051026433, 0.1598616774523456, 0.0, 0.13669842899732396, 0.17176922449429058, 0.17176922449429058, 0.0, 0.0, 0.0, 0.0, 0.0, 0.1598616774523456, 0.0, 0.0, 0.1598616774523456, 0.0, 0.0, 0.1598616774523456, 0.0, 0.262342770920665, 0.17176922449429058, 0.0, 0.0, 0.0, 0.0, 0.0, 0.11799015817126522, 0.0, 0.0, 0.0, 0.0, 0.0, 0.0, 0.0, 0.0, 0.0, 0.17176922449429058, 0.15062546640959468, 0.1598616774523456, 0.0, 0.17176922449429058, 0.0, 0.0, 0.0, 0.17176922449429058, 0.0, 0.0, 0.0, 0.15062546640959468, 0.0, 0.0, 0.0, 0.262342770920665, 0.0, 0.0, 0.0, 0.0, 0.0, 0.0, 0.0, 0.0, 0.0, 0.0, 0.0, 0.0, 0.17176922449429058, 0.0, 0.11799015817126522, 0.0, 0.0, 0.0, 0.14307893250227746, 0.0, 0.0, 0.0, 0.0, 0.0, 0.0, 0.0, 0.0, 0.0, 0.15062546640959468, 0.0, 0.0, 0.0, 0.0, 0.0, 0.0, 0.0, 0.0, 0.17176922449429058, 0.0, 0.0, 0.17176922449429058, 0.13669842899732396, 0.15062546640959468, 0.0, 0.14307893250227746, 0.0, 0.0, 0.0, 0.0, 0.0, 0.0, 0.1598616774523456, 0.0, 0.0, 0.0, 0.0, 0.17176922449429058, 0.0, 0.0, 0.0, 0.0, 0.0, 0.17176922449429058, 0.0, 0.17176922449429058, 0.0, 0.17176922449429058, 0.0, 0.1598616774523456, 0.0, 0.0, 0.0, 0.0, 0.0]",제주특별자치도 제주시 용담2동 1805번지 일대
39,연미마을(오라리 방화사건 현장),"[0.10792056775396733, 0.10792056775396733, 0.10792056775396733, 0.24724028009611423, 0.20087839417744108, 0.08989479736395153, 0.10792056775396733, 0.10792056775396733, 0.10792056775396733, 0.10792056775396733, 0.10792056775396733, 0.10792056775396733, 0.10792056775396733, 0.10792056775396733, 0.10792056775396733, 0.10792056775396733, 0.10043919708872054, 0.10792056775396733, 0.10792056775396733, 0.10792056775396733, 0.10792056775396733, 0.10792056775396733, 0.10792056775396733, 0.10792056775396733, 0.10792056775396733, 0.10792056775396733, 0.10792056775396733, 0.10792056775396733, 0.10043919708872054, 0.10792056775396733, 0.10792056775396733, 0.10792056775396733, 0.10792056775396733, 0.10792056775396733, 0.24724028009611423, 0.20087839417744108, 0.10792056775396733, 0.10792056775396733, 0.10792056775396733, 0.10792056775396733, 0.10792056775396733, 0.10792056775396733, 0.10792056775396733, 0.10792056775396733, 0.10792056775396733, 0.10792056775396733, 0.10792056775396733, 0.10792056775396733, 0.10792056775396733, 0.10792056775396733, 0.10792056775396733, 0.10792056775396733, 0.10792056775396733, 0.10792056775396733, 0.10792056775396733, 0.10792056775396733, 0.10792056775396733, 0.10792056775396733, 0.10792056775396733, 0.10792056775396733, 0.10792056775396733, 0.08588600264046108, 0.10792056775396733, 0.10792056775396733, 0.10792056775396733, 0.10792056775396733, 0.21584113550793466, 0.10792056775396733, 0.10792056775396733, 0.10792056775396733, 0.10792056775396733, 0.10043919708872054, 0.10792056775396733, 0.08989479736395153, 0.10792056775396733, 0.10792056775396733, 0.10792056775396733, 0.10792056775396733, 0.09463619516818572, 0.10792056775396733, 0.052781652467619344, 0.09463619516818572, 0.10792056775396733, 0.10792056775396733, 0.10792056775396733, 0.10792056775396733, 0.10792056775396733, 0.10792056775396733, 0.10792056775396733, 0.10792056775396733, 0.10792056775396733, 0.10792056775396733, 0.30131759126616164, 0.10792056775396733, 0.10792056775396733, 0.20087839417744108, 0.10792056775396733, 0.10792056775396733, 0.10792056775396733, 0.10792056775396733, 0.10792056775396733, 0.10792056775396733, 0.10792056775396733, 0.10792056775396733, 0.10792056775396733, 0.10792056775396733, 0.10792056775396733, 0.07661042477816994, 0.10792056775396733, 0.10792056775396733, 0.10792056775396733, 0.10792056775396733, 0.10792056775396733, 0.10792056775396733, 0.20936238350233813, 0.10792056775396733, 0.10792056775396733, 0.20936238350233813, 0.21584113550793466, 0.10792056775396733, 0.10792056775396733, 0.10792056775396733, 0.20087839417744108, 0.10792056775396733, 0.10792056775396733, 0.10792056775396733, 0.10792056775396733, 0.21584113550793466, 0.10792056775396733, 0.10792056775396733, 0.10792056775396733, 0.10792056775396733, 0.10792056775396733, 0.10792056775396733, 0.09463619516818572, 0.10792056775396733, 0.20087839417744108, 0.10792056775396733, 0.10792056775396733, 0.10792056775396733, 0.10792056775396733, 0.10792056775396733, 0.30131759126616164, 0.10792056775396733, 0.17177200528092215, 0.10792056775396733, 0.08588600264046108, 0.10792056775396733, 0.10792056775396733, 0.10792056775396733, 0.20087839417744108, 0.20936238350233813, 0.10792056775396733, 0.10792056775396733, 0.10792056775396733, 0.10792056775396733, 0.17177200528092215, 0.10792056775396733, 0.10792056775396733, 0.10792056775396733, 0.10792056775396733, 0.10792056775396733, 0.10792056775396733, 0.10792056775396733, 0.10792056775396733, 0.10792056775396733, 0.30131759126616164, 0.10792056775396733, 0.10792056775396733, 0.10792056775396733, 0.10792056775396733, 0.10792056775396733, 0.08588600264046108, 0.10792056775396733, 0.21584113550793466, 0.10792056775396733, 0.10043919708872054, 0.10792056775396733, 0.10792056775396733, 0.10792056775396733, 0.10792056775396733, 0.10792056775396733, 0.10792056775396733, 0.10792056775396733, 0.10043919708872054, 0.10792056775396733, 0.10792056775396733, 0.10792056775396733, 0.10792056775396733, 0.10792056775396733, 0.10792056775396733, 0.10792056775396733, 0.10792056775396733, 0.10792056775396733, 0.10792056775396733, 0.10043919708872054, 0.10792056775396733, 0.10792056775396733, 0.10792056775396733, 0.10792056775396733, 0.10792056775396733, 0.10792056775396733, 0.10792056775396733, 0.10792056775396733, 0.10792056775396733, 0.10792056775396733, 0.10792056775396733, 0.10043919708872054, 0.10792056775396733, 0.24724028009611423, 0.10792056775396733, 0.10792056775396733, 0.06438765630868896, 0.10792056775396733, 0.10792056775396733, 0.10792056775396733, 0.10792056775396733, 0.10792056775396733, 0.10792056775396733, 0.10792056775396733, 0.10792056775396733, 0.10792056775396733, 0.10792056775396733, 0.10792056775396733, 0.10792056775396733, 0.10792056775396733, 0.08241342669870474, 0.10792056775396733, 0.10792056775396733, 0.10792056775396733, 0.10792056775396733, 0.10792056775396733, 0.10792056775396733, 0.10792056775396733, 0.10792056775396733, 0.10792056775396733, 0.07661042477816994, 0.10792056775396733, 0.10792056775396733, 0.10792056775396733, 0.10792056775396733, 0.10792056775396733, 0.10792056775396733, 0.10792056775396733, 0.10792056775396733, 0.10043919708872054, 0.10792056775396733, 0.10792056775396733, 0.10792056775396733, 0.10792056775396733, 0.10792056775396733, 0.10792056775396733, 0.10792056775396733, 0.10792056775396733, 0.10792056775396733, 0.10792056775396733, 0.10043919708872054, 0.10792056775396733, 0.10792056775396733, 0.10792056775396733, 0.10792056775396733, 0.10792056775396733, 0.10792056775396733, 0.10792056775396733, 0.10792056775396733, 0.10792056775396733]",제주특별자치도 제주시
40,박성내,"[0.0, 0.0705962328967567, 0.0, 0.139070013707654, 0.0, 0.0, 0.0, 0.1585916975023053, 0.0, 0.0, 0.1585916975023053, 0.0, 0.0, 0.0, 0.12110838099856938, 0.0, 0.0, 0.0, 0.0, 0.3171833950046106, 0.0, 0.0, 0.0, 0.0, 0.0, 0.0, 0.0, 0.0, 0.1585916975023053, 0.0, 0.0, 0.0, 0.0, 0.0, 0.0, 0.0, 0.0, 0.0, 0.0, 0.0, 0.12110838099856938, 0.0, 0.0, 0.0, 0.0, 0.1056131488449887, 0.09461910666991108, 0.0, 0.1475976553272277, 0.139070013707654, 0.12110838099856938, 0.1475976553272277, 0.0, 0.0, 0.0, 0.132102423173647, 0.1585916975023053, 0.0, 0.0, 0.0, 0.139070013707654, 0.0, 0.0, 0.1585916975023053, 0.12110838099856938, 0.0, 0.0, 0.139070013707654, 0.0, 0.0, 0.0, 0.1089383708172265, 0.0, 0.0, 0.0, 0.22516147875799142, 0.0, 0.0, 0.22516147875799142, 0.0, 0.12110838099856938, 0.0, 0.0, 0.0, 0.0, 0.264204846347294, 0.0, 0.0, 0.0, 0.0, 0.1585916975023053, 0.0, 0.0, 0.0, 0.0, 0.0, 0.0, 0.0, 0.0, 0.1585916975023053, 0.1056131488449887, 0.11660719102006632, 0.1585916975023053, 0.0, 0.0, 0.3171833950046106, 0.1585916975023053, 0.0, 0.0, 0.0, 0.1475976553272277, 0.0, 0.0, 0.0, 0.264204846347294, 0.1585916975023053, 0.0]","제주특별자치도 제주시 아라2동 2425, 간월동로 5"
41,관음사 군 주둔지 옛터,"[0.12113172051766773, 0.0, 0.0, 0.2771812051057676, 0.0, 0.0, 0.05793752708260406, 0.1301544061501629, 0.12113172051766773, 0.0, 0.0, 0.0, 0.0, 0.0, 0.0, 0.0, 0.0, 0.10841495935758941, 0.0, 0.0, 0.0, 0.0, 0.0, 0.1301544061501629, 0.0, 0.0, 0.0, 0.0, 0.0, 0.12113172051766773, 0.2603088123003258, 0.0, 0.0, 0.24226344103533545, 0.2771812051057676, 0.0, 0.0, 0.0, 0.0, 0.0, 0.0, 0.0, 0.0, 0.5206176246006516, 0.2603088123003258, 0.1301544061501629, 0.1301544061501629, 0.0, 0.0, 0.0, 0.0, 0.09939227372509422, 0.0, 0.0, 0.0, 0.0, 0.0, 0.0, 0.0, 0.0, 0.0866755125650159, 0.0956981981975111, 0.12113172051766773, 0.0, 0.5206176246006516, 0.0, 0.0, 0.0, 0.0, 0.0956981981975111, 0.0, 0.1301544061501629, 0.0, 0.0, 0.0, 0.0, 0.0, 0.10841495935758941, 0.0, 0.1301544061501629, 0.5206176246006516, 0.0, 0.0, 0.0, 0.2603088123003258, 0.12113172051766773, 0.0, 0.0, 0.0, 0.0, 0.0, 0.0, 0.09939227372509422, 0.1301544061501629, 0.0, 0.0, 0.1301544061501629, 0.0, 0.24226344103533545, 0.2771812051057676, 0.0, 0.1301544061501629, 0.2603088123003258, 0.0]",제주특별자치도 제주시 아라1동 387번지
42,관덕정,"[0.0, 0.0, 0.2312729449775245, 0.30372849757456355, 0.0, 0.0, 0.0, 0.0, 0.15186424878728177, 0.0, 0.2312729449775245, 0.30372849757456355, 0.0, 0.0, 0.0, 0.0, 0.0, 0.15186424878728177, 0.0, 0.0, 0.0, 0.0, 0.0, 0.0, 0.0, 0.15186424878728177, 0.0, 0.0, 0.0, 0.0, 0.12293800049267535, 0.0, 0.0, 0.0, 0.0, 0.0, 0.0, 0.16117642079300326, 0.0, 0.0, 0.0, 0.17318189854871563, 0.0, 0.0, 0.0, 0.0, 0.0, 0.0, 0.0, 0.0, 0.0, 0.34636379709743126, 0.0, 0.11896053942330143, 0.0, 0.12293800049267535, 0.0, 0.30372849757456355, 0.0, 0.0, 0.0, 0.0, 0.0, 0.0, 0.0, 0.17318189854871563, 0.0, 0.0, 0.34636379709743126, 0.0, 0.0, 0.17318189854871563, 0.13782267185569239, 0.1442556502541092, 0.0, 0.0, 0.0, 0.0, 0.2312729449775245, 0.0, 0.0, 0.1442556502541092, 0.0, 0.17318189854871563, 0.0, 0.0, 0.27564534371138477, 0.0, 0.0, 0.0, 0.0, 0.0, 0.0, 0.0, 0.0, 0.17318189854871563, 0.0, 0.0940117521980689, 0.0, 0.0, 0.15186424878728177, 0.0, 0.17318189854871563, 0.1442556502541092, 0.0, 0.0, 0.0, 0.0, 0.0, 0.0, 0.0, 0.0, 0.0, 0.0, 0.27564534371138477, 0.0, 0.0, 0.30372849757456355, 0.0, 0.0]",제주특별자치도 제주시 삼도2동 1051-1번지 일대
43,제주4·3평화공원,"[0.0, 0.2737988699247812, 0.0, 0.0, 0.17978868952429525, 0.0, 0.20502617856435612, 0.0, 0.20502617856435612, 0.0, 0.0, 0.0, 0.0, 0.0, 0.0, 0.14083472350346746, 0.0, 0.2737988699247812, 0.0, 0.1507489177837987, 0.0, 0.0, 0.20502617856435612, 0.0, 0.0, 0.1507489177837987, 0.41005235712871224, 0.0, 0.0, 0.0, 0.0, 0.0, 0.0, 0.0, 0.0, 0.0, 0.0, 0.0, 0.0, 0.0, 0.41005235712871224, 0.0, 0.2737988699247812, 0.0, 0.0, 0.0, 0.0, 0.0, 0.0, 0.0, 0.14554355075548445, 0.0, 0.20502617856435612, 0.1707810397955453, 0.19081316180729188, 0.0, 0.0, 0.19081316180729188, 0.1631651804657468, 0.0, 0.0, 0.0, 0.0, 0.19081316180729188, 0.1707810397955453, 0.19081316180729188, 0.20502617856435612, 0.20502617856435612, 0.0, 0.0, 0.0, 0.0, 0.0, 0.0, 0.0, 0.0, 0.10027393970367703, 0.0, 0.0, 0.0, 0.0, 0.19081316180729188, 0.20502617856435612, 0.0]","제주특별자치도 제주시 봉개동 237-2번지, 명림로430"
44,주정공장(동척회사) 옛터,"[0.0, 0.0, 0.0, 0.0, 0.0, 0.0, 0.14931777072812535, 0.1702779635645504, 0.0, 0.0, 0.13551164465384952, 0.0, 0.1702779635645504, 0.0, 0.0, 0.0, 0.0, 0.0, 0.1702779635645504, 0.0, 0.0, 0.0, 0.0, 0.0, 0.15159662154210454, 0.0, 0.16655865481077683, 0.0, 0.0, 0.0, 0.0, 0.0, 0.0, 0.0, 0.1418367540937892, 0.0, 0.0, 0.13003258563857872, 0.0, 0.0, 0.0, 0.1418367540937892, 0.0, 0.0, 0.0, 0.0, 0.0, 0.1418367540937892, 0.0, 0.0, 0.0, 0.0, 0.0, 0.0, 0.0, 0.0, 0.0, 0.0, 0.1702779635645504, 0.0, 0.0, 0.1702779635645504, 0.15847379510933993, 0.0, 0.0, 0.0, 0.0, 0.0, 0.0, 0.0, 0.0, 0.0, 0.0, 0.0, 0.1418367540937892, 0.0, 0.0, 0.1702779635645504, 0.0, 0.1702779635645504, 0.0, 0.0, 0.0, 0.15847379510933993, 0.0, 0.0, 0.0, 0.0, 0.0, 0.0, 0.14931777072812535, 0.0, 0.0, 0.15159662154210454, 0.0, 0.16655865481077683, 0.0, 0.0, 0.0, 0.0, 0.0, 0.0, 0.0, 0.14931777072812535, 0.22679108924605604, 0.1702779635645504, 0.1418367540937892, 0.0, 0.0, 0.0, 0.14931777072812535, 0.0, 0.15847379510933993, 0.15847379510933993, 0.22679108924605604, 0.14931777072812535, 0.14931777072812535, 0.0, 0.0]",제주특별자치도 제주시 건입동 918-32번지 일대
45,산지항 옛터,"[0.09228608114021572, 0.0, 0.0, 0.2073170998410977, 0.1929452696938438, 0.1471698251144615, 0.0, 0.0, 0.18179761217521131, 0.1929452696938438, 0.0, 0.0, 0.2073170998410977, 0.1929452696938438, 0.2073170998410977, 0.2073170998410977, 0.0, 0.2073170998410977, 0.0, 0.0, 0.2073170998410977, 0.0, 0.0, 0.0, 0.2073170998410977, 0.0, 0.0, 0.0, 0.0, 0.2073170998410977, 0.0, 0.2073170998410977, 0.18179761217521131, 0.0, 0.0, 0.0, 0.0, 0.0, 0.138061525719598, 0.0, 0.0, 0.0, 0.0, 0.0, 0.1929452696938438, 0.0, 0.16498835537038478, 0.18179761217521131, 0.0, 0.0, 0.1929452696938438, 0.0, 0.0, 0.0, 0.0, 0.2073170998410977, 0.0, 0.0, 0.0, 0.0, 0.0, 0.0]",제주특별자치도 제주시 건입동 940-3번지 일대
46,육시우영,"[0.09436534169647193, 0.09436534169647193, 0.09436534169647193, 0.18873068339294385, 0.1256840179575332, 0.07206199274757358, 0.0, 0.09436534169647193, 0.09436534169647193, 0.05239257564064316, 0.0, 0.08782365910642624, 0.08782365910642624, 0.08274953588327057, 0.046152079942409586, 0.0, 0.0, 0.09436534169647193, 0.08782365910642624, 0.16549907176654113, 0.09436534169647193, 0.04200621939675828, 0.0, 0.09436534169647193, 0.09436534169647193, 0.09436534169647193, 0.0, 0.16549907176654113, 0.09436534169647193, 0.09436534169647193, 0.09436534169647193, 0.1256840179575332, 0.06698786952441792, 0.0, 0.08782365910642624, 0.0, 0.09436534169647193, 0.0, 0.05630032638872092, 0.0, 0.0750984001917768, 0.07860367533761926, 0.16549907176654113, 0.08782365910642624, 0.08782365910642624, 0.08782365910642624, 0.0, 0.05630032638872092, 0.08782365910642624, 0.07860367533761926, 0.0, 0.09436534169647193, 0.09436534169647193, 0.09436534169647193, 0.09436534169647193, 0.09436534169647193, 0.09436534169647193, 0.09436534169647193, 0.0, 0.0, 0.0, 0.0750984001917768, 0.08782365910642624, 0.0, 0.09436534169647193, 0.0, 0.0, 0.0, 0.0, 0.0, 0.18873068339294385, 0.05776788575561094, 0.09436534169647193, 0.16549907176654113, 0.08782365910642624, 0.0]",제주특별자치도 제주시 애월읍 하가리
47,빌레못굴,"[0.0, 0.0, 0.0, 0.0, 0.147649526655808, 0.0, 0.0, 0.0, 0.0, 0.15670325588939565, 0.0, 0.07495145857108397, 0.0, 0.14025209124287827, 0.0, 0.1238009265963609, 0.147649526655808, 0.0, 0.1683755429619816, 0.0, 0.0, 0.0, 0.0, 0.0, 0.42075627372863483, 0.0, 0.0, 0.0, 0.295299053311616, 0.0, 0.1683755429619816, 0.0, 0.3367510859239632, 0.0, 0.0, 0.0, 0.0, 0.0, 0.0, 0.0, 0.42075627372863483, 0.08234889398401371, 0.0, 0.0, 0.0, 0.0, 0.0, 0.12857980417029233, 0.0, 0.0, 0.0, 0.42075627372863483, 0.15670325588939565, 0.3367510859239632, 0.147649526655808, 0.0, 0.0, 0.0, 0.0, 0.0, 0.0, 0.0, 0.0, 0.0, 0.0, 0.0, 0.0, 0.0, 0.0, 0.0, 0.0, 0.0, 0.0, 0.0, 0.147649526655808, 0.295299053311616, 0.0, 0.0, 0.0, 0.0, 0.0, 0.0, 0.0, 0.11952607493670468, 0.1683755429619816, 0.15670325588939565, 0.0, 0.0, 0.15670325588939565, 0.0, 0.0, 0.0, 0.1030749102901873, 0.0, 0.0, 0.0, 0.0, 0.0, 0.0, 0.0, 0.0, 0.0, 0.0, 0.1683755429619816, 0.14025209124287827, 0.0]",제주특별자치도 제주시 애월읍 어음2리 706번지
48,자리왓,"[0.08427088558826894, 0.0, 0.0, 0.0, 0.09054793428687154, 0.0, 0.0, 0.0, 0.0, 0.0, 0.0, 0.0, 0.0, 0.09054793428687154, 0.0, 0.0, 0.0, 0.0, 0.0, 0.04030692121914695, 0.0, 0.044285067236544386, 0.18109586857374307, 0.09054793428687154, 0.09054793428687154, 0.09054793428687154, 0.18089949118502768, 0.06914683364233778, 0.0, 0.09054793428687154, 0.09054793428687154, 0.05027311310426029, 0.0, 0.08427088558826894, 0.08427088558826894, 0.07940202835833782, 0.044285067236544386, 0.0, 0.0, 0.09054793428687154, 0.08427088558826894, 0.07940202835833782, 0.09054793428687154, 0.0, 0.09054793428687154, 0.09054793428687154, 0.09054793428687154, 0.0, 0.15880405671667563, 0.09054793428687154, 0.09054793428687154, 0.09054793428687154, 0.18089949118502768, 0.06427797641240666, 0.0, 0.08427088558826894, 0.0, 0.09054793428687154, 0.0, 0.05402278169640663, 0.0, 0.07206040780826654, 0.07542388234094038, 0.15880405671667563, 0.08427088558826894, 0.08427088558826894, 0.08427088558826894, 0.0, 0.05402278169640663, 0.08427088558826894, 0.07542388234094038, 0.0, 0.09054793428687154, 0.09054793428687154, 0.09054793428687154, 0.09054793428687154, 0.09054793428687154, 0.09054793428687154, 0.09054793428687154, 0.0, 0.18089949118502768, 0.07206040780826654, 0.08427088558826894, 0.0, 0.07542388234094038, 0.0, 0.0, 0.18109586857374307, 0.0, 0.0, 0.0, 0.0, 0.0, 0.0, 0.0, 0.0, 0.0, 0.0, 0.0, 0.09054793428687154, 0.0, 0.09054793428687154, 0.0, 0.08427088558826894, 0.0, 0.09054793428687154, 0.0, 0.09054793428687154, 0.0, 0.0, 0.08427088558826894, 0.0, 0.0, 0.0]",제주특별자치도 제주시 애월읍 봉성리 1410번지 일대
49,덕수궁중명전,"[0.0, 0.0, 0.0, 0.11910118080350064, 0.0, 0.0, 0.41029537453241, 0.07627831271518123, 0.0, 0.0, 0.0, 0.14515143286003115, 0.1559632643291571, 0.0, 0.25399386219322706, 0.0, 0.0, 0.1559632643291571, 0.0, 0.14515143286003115, 0.0, 0.0, 0.0, 0.0, 0.0, 0.13676512484413667, 0.0, 0.0, 0.0, 0.0, 0.14515143286003115, 0.27353024968827333, 0.0, 0.0, 0.0, 0.25399386219322706, 0.0, 0.0, 0.0, 0.0, 0.07627831271518123, 0.14515143286003115, 0.27353024968827333, 0.0, 0.09305092874697014, 0.14515143286003115, 0.13676512484413667, 0.0, 0.1559632643291571, 0.0, 0.0, 0.0, 0.3119265286583142, 0.3119265286583142, 0.0, 0.0, 0.1559632643291571, 0.25399386219322706, 0.0, 0.0, 0.0, 0.0, 0.0, 0.0, 0.0, 0.0, 0.0, 0.1559632643291571, 0.3119265286583142, 0.3119265286583142, 0.0, 0.1559632643291571, 0.0, 0.41029537453241, 0.10386276021609611, 0.0, 0.0, 0.0, 0.0, 0.1559632643291571, 0.0, 0.41029537453241, 0.1559632643291571, 0.14515143286003115, 0.14515143286003115, 0.0, 0.0]",서울특별시 중구 소월로91 (남대문로5가 471-2번지)
50,안중근의사기념관,"[0.13148705107379854, 0.0, 0.0, 0.06430751781802242, 0.0, 0.0, 0.0, 0.0, 0.0, 0.13148705107379854, 0.10040994660261121, 0.0, 0.3139224742068379, 0.4894879303275506, 0.0, 0.0, 0.13148705107379854, 0.0, 0.0, 0.13148705107379854, 0.0, 0.0, 0.13148705107379854, 0.0, 0.0, 0.0, 0.3139224742068379, 0.4894879303275506, 0.0, 0.11530178617923148, 0.0, 0.0, 0.12237198258188765, 0.0, 0.12237198258188765, 0.0, 0.0, 0.0, 0.0, 0.0, 0.0, 0.0, 0.0, 0.0, 0.0, 0.13148705107379854, 0.0, 0.0, 0.13148705107379854, 0.0, 0.0, 0.0, 0.0, 0.12237198258188765, 0.0, 0.12237198258188765, 0.0, 0.0, 0.12237198258188765, 0.0, 0.12237198258188765, 0.0, 0.0, 0.0, 0.0, 0.09667804760715655, 0.0, 0.0, 0.07844791062333477, 0.0, 0.0, 0.0, 0.0, 0.0, 0.09333975019995504, 0.13148705107379854, 0.0, 0.0, 0.06186904414051454, 0.07844791062333477, 0.09667804760715655, 0.0, 0.0, 0.0, 0.0, 0.12237198258188765, 0.3139224742068379, 0.4894879303275506, 0.0, 0.0, 0.12237198258188765, 0.0, 0.0, 0.0, 0.0, 0.0, 0.0, 0.0, 0.11530178617923148, 0.0, 0.13148705107379854, 0.13148705107379854, 0.0, 0.0, 0.07300291765283419, 0.0, 0.0, 0.13148705107379854, 0.0, 0.0, 0.12237198258188765, 0.0, 0.0, 0.0, 0.0, 0.0, 0.0, 0.0, 0.0, 0.1095250150945221, 0.10464082473561263, 0.4894879303275506, 0.0]",서울특별시 중구 세종대로 99 
51,서대문형무소역사관,"[0.0, 0.14930033981402907, 0.16042120910581964, 0.0, 0.0, 0.0, 0.16042120910581964, 0.0, 0.16042120910581964, 0.0, 0.0, 0.0, 0.14067432344004308, 0.3208424182116393, 0.0, 0.0, 0.0, 0.16042120910581964, 0.3208424182116393, 0.0, 0.0, 0.14930033981402907, 0.0, 0.14930033981402907, 0.0, 0.0, 0.16042120910581964, 0.0, 0.08906744977912082, 0.0, 0.12250548558732945, 0.12766738236828715, 0.0, 0.11387946921334345, 0.0, 0.0, 0.0, 0.12766738236828715, 0.0, 0.0, 0.0, 0.0, 0.17416922997328763, 0.12250548558732945, 0.0, 0.0, 0.16042120910581964, 0.16042120910581964, 0.14930033981402907, 0.0, 0.0, 0.16042120910581964, 0.16042120910581964, 0.0, 0.0, 0.0, 0.0, 0.16042120910581964, 0.0, 0.09820548427843438, 0.0, 0.0, 0.0, 0.0, 0.0, 0.14930033981402907, 0.0, 0.14067432344004308, 0.0, 0.0, 0.07548353078260227, 0.09571063136062982, 0.0, 0.0, 0.0, 0.13362635487912003, 0.16042120910581964, 0.17416922997328763, 0.0, 0.0, 0.13362635487912003, 0.0, 0.0, 0.0, 0.13362635487912003, 0.0, 0.13362635487912003, 0.13362635487912003, 0.0, 0.0]",서울특별시 서대문구 현저동 통일로 251
52,서대문독립공원,"[0.0, 0.1527642838955235, 0.0, 0.1527642838955235, 0.0, 0.16414317047925295, 0.16414317047925295, 0.0, 0.0, 0.16055786138783784, 0.0, 0.0772348377791596, 0.09793123096174736, 0.12068900412920627, 0.0, 0.0, 0.0, 0.0, 0.16414317047925295, 0.13672664401236487, 0.0, 0.0, 0.16414317047925295, 0.2330432145894424, 0.0, 0.0, 0.0, 0.16414317047925295, 0.0, 0.16414317047925295, 0.0, 0.0, 0.16055786138783784, 0.0, 0.0, 0.16414317047925295, 0.0, 0.0, 0.0, 0.08910508082783314, 0.0, 0.0, 0.0, 0.0, 0.13672664401236487, 0.1093101175454768, 0.0, 0.0, 0.0, 0.0, 0.0, 0.0, 0.16414317047925295, 0.0, 0.0, 0.16414317047925295, 0.3282863409585059, 0.16414317047925295, 0.0, 0.0, 0.1527642838955235, 0.1165216072947212, 0.1527642838955235, 0.3282863409585059, 0.0, 0.16414317047925295, 0.16414317047925295, 0.0, 0.11275173829654074, 0.0, 0.1527642838955235, 0.0, 0.2330432145894424, 0.0, 0.1527642838955235, 0.0, 0.0, 0.16414317047925295, 0.0, 0.0, 0.0, 0.0, 0.14393813376160924, 0.0, 0.0, 0.0, 0.0, 0.0, 0.0, 0.0, 0.0, 0.12068900412920627, 0.0, 0.0, 0.0, 0.0, 0.0, 0.0, 0.13672664401236487, 0.1527642838955235, 0.1527642838955235, 0.0]",서울특별시 서대문구 현저동 통일로 247
53,통감관저터,"[0.0, 0.0, 0.0, 0.0783051571169145, 0.09928836063641838, 0.1223615107167546, 0.1664178643165947, 0.0, 0.0, 0.0, 0.0, 0.0, 0.0, 0.1664178643165947, 0.0, 0.0, 0.15488128927642658, 0.0, 0.0, 0.0, 0.0, 0.3328357286331894, 0.0, 0.0, 0.0, 0.0, 0.0, 0.14593282647328312, 0.1664178643165947, 0.0, 0.0, 0.0, 0.0, 0.0, 0.2772427999931812, 0.15488128927642658, 0.08139143503013146, 0.0, 0.0, 0.0, 0.15488128927642658, 0.1664178643165947, 0.15488128927642658, 0.0, 0.0, 0.14593282647328312, 0.1386213999965906, 0.29186565294656625, 0.0, 0.0, 0.0, 0.0, 0.1664178643165947, 0.0, 0.0, 0.0, 0.0, 0.0, 0.0, 0.0, 0.0, 0.2772427999931812, 0.1386213999965906, 0.15488128927642658, 0.0, 0.0, 0.09928836063641838, 0.29186565294656625, 0.15488128927642658, 0.0, 0.0, 0.0, 0.0, 0.0, 0.0, 0.14593282647328312, 0.0, 0.0, 0.0, 0.0, 0.0, 0.0, 0.0, 0.0, 0.0, 0.0, 0.0, 0.1664178643165947, 0.0, 0.0, 0.3328357286331894, 0.0, 0.0, 0.0, 0.15488128927642658, 0.0, 0.0, 0.15488128927642658, 0.1386213999965906, 0.11082493567658648, 0.0, 0.1324396769918727, 0.0, 0.0, 0.1664178643165947, 0.0, 0.0, 0.0, 0.0, 0.0, 0.0]",서울특별시 중구 필동 퇴계로26가길 6
54,기억의터,"[0.0, 0.0, 0.16802615812233335, 0.0, 0.16802615812233335, 0.0, 0.0, 0.0, 0.07906191300766996, 0.1399610634989007, 0.15637809143279974, 0.0, 0.11927805436441184, 0.16802615812233335, 0.0, 0.0, 0.0, 0.0, 0.0, 0.0, 0.0, 0.12831299680936709, 0.0, 0.12354403556500165, 0.0, 0.0, 0.16802615812233335, 0.0, 0.16802615812233335, 0.0, 0.0, 0.0, 0.0, 0.0, 0.0, 0.0, 0.0, 0.15637809143279974, 0.0, 0.0, 0.16802615812233335, 0.0, 0.0, 0.0, 0.0, 0.16802615812233335, 0.0, 0.0, 0.0, 0.0, 0.0, 0.0, 0.15637809143279974, 0.0, 0.0, 0.0, 0.0, 0.0, 0.6721046324893334, 0.0, 0.0, 0.15637809143279974, 0.0, 0.6721046324893334, 0.0, 0.0, 0.0, 0.0, 0.0, 0.0, 0.0, 0.0, 0.0, 0.0, 0.0, 0.0, 0.0, 0.1399610634989007, 0.0, 0.0]",서울특별시 중구 필동 퇴계로26가길 6
55,윤봉길의사기념관,"[0.0, 0.21206274803698938, 0.21206274803698938, 0.0, 0.0, 0.0, 0.0, 0.0, 0.14566822000147775, 0.0, 0.0, 0.21206274803698938, 0.18595909963040907, 0.0, 0.0, 0.0, 0.19736193562120938, 0.31184534572788675, 0.0, 0.0, 0.0, 0.0, 0.19736193562120938, 0.0, 0.0, 0.15592267286394337, 0.0, 0.0, 0.0, 0.0, 0.19736193562120938, 0.21206274803698938, 0.18595909963040907, 0.0, 0.0, 0.0, 0.0, 0.0, 0.16194149182679635, 0.0, 0.0, 0.21206274803698938, 0.0, 0.0, 0.0, 0.0, 0.0, 0.19956519538179465, 0.12652104803238332, 0.0, 0.17664230424257635, 0.19736193562120938, 0.0, 0.21206274803698938, 0.0, 0.17664230424257635, 0.10371537605078275, 0.19956519538179465, 0.0, 0.0, 0.19736193562120938, 0.0, 0.0, 0.0, 0.31184534572788675, 0.21206274803698938, 0.0, 0.0, 0.0, 0.0, 0.19736193562120938, 0.0, 0.0, 0.1687650659823253, 0.0, 0.0]",서울특별시 서초구 매헌로 99
56,도산공원,"[0.5770626028751838, 0.19235420095839462, 0.0, 0.0, 0.0, 0.0, 0.0, 0.16867655612059967, 0.0, 0.0, 0.0, 0.0, 0.0, 0.0, 0.0, 0.0, 0.0, 0.19235420095839462, 0.19235420095839462, 0.0, 0.0, 0.2828632697413646, 0.0, 0.0, 0.5770626028751838, 0.0, 0.0, 0.19235420095839462, 0.0, 0.16022563888544802, 0.0, 0.0, 0.0, 0.0, 0.16867655612059967, 0.0, 0.0, 0.15308049017198708, 0.16867655612059967, 0.15308049017198708, 0.0, 0.0, 0.0, 0.5770626028751838, 0.0, 0.0, 0.0, 0.0, 0.0, 0.0, 0.19235420095839462, 0.19235420095839462, 0.0, 0.0, 0.18815269039018495, 0.0, 0.0, 0.0, 0.0, 0.0, 0.0, 0.0, 0.0, 0.0, 0.0, 0.0, 0.0, 0.0, 0.18815269039018495, 0.0, 0.0, 0.2828632697413646, 0.17901964290021377, 0.0, 0.0, 0.0, 0.0, 0.0, 0.0, 0.09050906878296999, 0.0, 0.0, 0.0, 0.0]",서울특별시 강남구 도산대로45길 20 (도산전시관)
57,전쟁기념관,"[0.3091557562778619, 0.0, 0.0, 0.16405644732821686, 0.0, 0.0, 0.0978704362062939, 0.0, 0.0, 0.0, 0.3091557562778619, 0.0, 0.0, 0.0, 0.0, 0.0, 0.0, 0.0, 0.0, 0.16405644732821686, 0.1762764483642841, 0.0, 0.0, 0.0, 0.0, 0.1762764483642841, 0.0, 0.16405644732821686, 0.0, 0.0, 0.15457787813893095, 0.0, 0.0, 0.0, 0.0, 0.0, 0.0, 0.0, 0.5288293450928523, 0.0, 0.0, 0.16405644732821686, 0.0, 0.0, 0.0, 0.0, 0.0, 0.0, 0.0, 0.0, 0.1762764483642841, 0.0, 0.0, 0.0, 0.0, 0.1762764483642841, 0.0, 0.0, 0.1762764483642841, 0.0, 0.0, 0.0, 0.1762764483642841, 0.5288293450928523, 0.0, 0.1762764483642841, 0.0, 0.16405644732821686, 0.0, 0.0, 0.0, 0.0, 0.0, 0.0, 0.0, 0.1762764483642841, 0.0, 0.0, 0.0, 0.0, 0.0, 0.0, 0.5288293450928523, 0.0, 0.0, 0.16405644732821686, 0.0, 0.0, 0.0, 0.14683332320739992, 0.16405644732821686, 0.0, 0.0, 0.0, 0.0, 0.0]",서울특별시 용산구 이태원로 29(용산동 1가 8번지)
58,명동대성당,"[0.0, 0.0, 0.0, 0.0, 0.16388134240221894, 0.0, 0.0, 0.0, 0.0, 0.0, 0.12049649066807332, 0.0, 0.14370853514556797, 0.16388134240221894, 0.0, 0.0, 0.0, 0.0, 0.0, 0.0, 0.0, 0.0, 0.0, 0.0, 0.0, 0.0, 0.0, 0.0, 0.0, 0.0, 0.0, 0.0, 0.0, 0.0, 0.0, 0.0, 0.0, 0.0, 0.0, 0.0, 0.0, 0.0, 0.0, 0.11633574133220927, 0.16388134240221894, 0.0, 0.0, 0.28741707029113595, 0.0, 0.0, 0.0, 0.0, 0.0, 0.4095256457665807, 0.0, 0.15252060650964713, 0.0, 0.0, 0.0, 0.0, 0.0, 0.15252060650964713, 0.1251478126962884, 0.0, 0.0, 0.0, 0.0, 0.0, 0.4095256457665807, 0.0, 0.0, 0.0, 0.0, 0.0, 0.0, 0.16388134240221894, 0.15252060650964713, 0.16388134240221894, 0.0, 0.0, 0.16388134240221894, 0.4311256054367039, 0.0, 0.0, 0.0, 0.0, 0.0, 0.0, 0.0, 0.0, 0.0, 0.15252060650964713, 0.0, 0.16388134240221894, 0.16388134240221894, 0.0, 0.0, 0.0, 0.0, 0.08896294751885055, 0.4311256054367039, 0.16388134240221894, 0.0, 0.0, 0.0, 0.13650854858886022, 0.0, 0.0, 0.0, 0.16388134240221894, 0.4095256457665807, 0.0, 0.0, 0.0, 0.4311256054367039, 0.28741707029113595, 0.0, 0.0]",서울특별시 중구 명동길 74 (명동2가)
59,국립4.19민주묘지,"[0.0, 0.0, 0.0, 0.0, 0.0, 0.30729763382528186, 0.0, 0.15364881691264093, 0.15364881691264093, 0.15364881691264093, 0.0, 0.30729763382528186, 0.0, 0.0, 0.13473557197970712, 0.0, 0.0, 0.13473557197970712, 0.0, 0.0, 0.469335021989157, 0.1429974297347983, 0.2859948594695966, 0.0, 0.1279851426751319, 0.0, 0.15364881691264093, 0.15364881691264093, 0.0, 0.0, 0.15364881691264093, 0.2859948594695966, 0.0, 0.0, 0.0, 0.0, 0.15364881691264093, 0.0, 0.0, 0.0, 0.0, 0.0, 0.1429974297347983, 0.0, 0.1429974297347983, 0.0, 0.0, 0.0, 0.15364881691264093, 0.15364881691264093, 0.15364881691264093, 0.0, 0.0, 0.0, 0.0, 0.0, 0.15364881691264093, 0.0, 0.0, 0.0, 0.15364881691264093, 0.0, 0.0, 0.0, 0.0, 0.0, 0.0, 0.15364881691264093, 0.0, 0.0, 0.0, 0.0, 0.0, 0.0, 0.15364881691264093, 0.0, 0.0, 0.0, 0.0, 0.0, 0.0, 0.0, 0.15364881691264093, 0.0, 0.0, 0.15364881691264093, 0.0, 0.11733375549728925, 0.0, 0.0, 0.0, 0.0, 0.0, 0.0, 0.0, 0.0, 0.0]",서울특별시 강북구 4.19로 8길17(수유동 산9-1)
60,경교장,"[0.0, 0.1737564192062806, 0.0, 0.18441099838253922, 0.0, 0.0, 0.0, 0.1981471399849987, 0.0, 0.1737564192062806, 0.0, 0.0, 0.1981471399849987, 0.0, 0.0, 0.0, 0.0, 0.0, 0.3301019883032108, 0.0, 0.0, 0.0, 0.0, 0.1981471399849987, 0.0, 0.3301019883032108, 0.0, 0.0, 0.1981471399849987, 0.0, 0.0, 0.0, 0.0, 0.0, 0.1650509941516054, 0.18441099838253922, 0.0, 0.0, 0.15769066214281288, 0.1981471399849987, 0.1981471399849987, 0.0, 0.0, 0.0, 0.0, 0.0, 0.0, 0.0, 0.0, 0.0, 0.0, 0.0, 0.0, 0.14569098992067162, 0.0, 0.0, 0.0, 0.10756412753949404, 0.0, 0.1737564192062806, 0.0, 0.0, 0.0, 0.0, 0.0, 0.1981471399849987, 0.1981471399849987, 0.0, 0.0, 0.0, 0.1981471399849987, 0.0, 0.18441099838253922, 0.0, 0.1737564192062806, 0.0, 0.0, 0.1981471399849987, 0.0, 0.0, 0.0, 0.18441099838253922, 0.0, 0.0, 0.0, 0.0, 0.0, 0.09690954836323543, 0.0, 0.0, 0.0, 0.1737564192062806, 0.0]",서울특별시 종로구 교남동 새문안로 29
61,국립서울현충원,"[0.0, 0.0, 0.2085951296544197, 0.23162817857093718, 0.0, 0.0, 0.2085951296544197, 0.0, 0.0, 0.0, 0.0, 0.0, 0.0, 0.0, 0.0, 0.2085951296544197, 0.23162817857093718, 0.0, 0.0, 0.19413470272757422, 0.0, 0.18291832420778728, 0.0, 0.0, 0.0, 0.18291832420778728, 0.0, 0.0, 0.1480770702199633, 0.0, 0.0, 0.0, 0.0, 0.0, 0.19630193511362953, 0.1244521947519262, 0.0, 0.0, 0.0, 0.0, 0.0, 0.0, 0.0, 0.0, 0.34750775133319145, 0.0, 0.0, 0.0, 0.0, 0.34750775133319145, 0.0, 0.0, 0.14328627502477104, 0.0, 0.0, 0.0, 0.0, 0.0, 0.0, 0.0, 0.2085951296544197, 0.0, 0.0, 0.0, 0.0, 0.1480770702199633, 0.0, 0.18291832420778728, 0.18291832420778728, 0.0, 0.0, 0.0, 0.0]",서울특별시 동작구 동작동 271-18
62,탑골공원,"[0.0, 0.0, 0.08168457990889894, 0.1735999752320377, 0.1615655151729561, 0.27631077636940365, 0.1615655151729561, 0.0849040525988884, 0.0, 0.0, 0.0, 0.13256943631263055, 0.1735999752320377, 0.0, 0.0, 0.0, 0.13815538818470183, 0.15223086274624775, 0.0, 0.0, 0.1735999752320377, 0.0, 0.0, 0.0, 0.0, 0.3471999504640754, 0.1735999752320377, 0.0, 0.0, 0.0, 0.0, 0.0, 0.1735999752320377, 0.0, 0.1735999752320377, 0.0, 0.0, 0.3471999504640754, 0.0, 0.0, 0.0, 0.24646956777184448, 0.0, 0.1615655151729561, 0.0, 0.0, 0.0, 0.0, 0.0, 0.0, 0.0, 0.3471999504640754, 0.0, 0.1735999752320377, 0.3471999504640754, 0.0, 0.24646956777184448, 0.0, 0.0, 0.27631077636940365, 0.0, 0.0, 0.0, 0.0, 0.0, 0.0, 0.1615655151729561, 0.0, 0.0, 0.0, 0.1446038963717122, 0.0, 0.0]",서울특별시 종로구 종로2가 종로 99
63,백범김구기념관,"[0.1394565069073334, 0.17682625845749772, 0.10895903598651271, 0.0, 0.0, 0.0, 0.29637963703871745, 0.29637963703871745, 0.12994854344454193, 0.0, 0.0, 0.1379168651404768, 0.0, 0.0, 0.29637963703871745, 0.29637963703871745, 0.2758337302809536, 0.14818981851935872, 0.0, 0.14818981851935872, 0.44456945555807614, 0.0, 0.0, 0.0, 0.0, 0.0, 0.0, 0.0, 0.14818981851935872, 0.0, 0.0, 0.0, 0.0, 0.1017932064253536, 0.0, 0.14818981851935872, 0.1379168651404768, 0.0, 0.0, 0.0, 0.0, 0.0, 0.44456945555807614, 0.0, 0.0, 0.0, 0.0, 0.0, 0.0, 0.0, 0.0, 0.0, 0.10895903598651271, 0.0, 0.0, 0.0, 0.0, 0.14818981851935872, 0.0, 0.0, 0.0, 0.0, 0.0, 0.0, 0.1379168651404768, 0.0, 0.08841312922874886, 0.1379168651404768, 0.0, 0.2758337302809536, 0.1394565069073334, 0.17682625845749772, 0.0, 0.0, 0.44456945555807614, 0.0, 0.0, 0.0, 0.1379168651404768, 0.0, 0.0, 0.0, 0.0, 0.0, 0.07247648583687918, 0.0, 0.0, 0.0]",서울특별시 용산구 임정로 26
64,효창공원,"[0.0, 0.1194075439914655, 0.15140483369227134, 0.1241138095716764, 0.0, 0.20195728019561707, 0.2537706223445801, 0.0, 0.0, 0.0, 0.0, 0.0, 0.0, 0.15140483369227134, 0.0, 0.0, 0.0, 0.0, 0.2537706223445801, 0.21138379038736357, 0.0, 0.2537706223445801, 0.0, 0.0, 0.23617849760670437, 0.0, 0.0, 0.0, 0.2537706223445801, 0.0, 0.2537706223445801, 0.2537706223445801, 0.0, 0.0, 0.0, 0.0, 0.0, 0.0, 0.0, 0.0, 0.0, 0.0, 0.0, 0.0, 0.0, 0.0, 0.23617849760670437, 0.0, 0.0, 0.0, 0.0, 0.0, 0.0, 0.0, 0.0, 0.0, 0.0, 0.0, 0.0, 0.0, 0.0, 0.2537706223445801, 0.0, 0.17431781483447678, 0.0, 0.0, 0.0, 0.2537706223445801, 0.0, 0.0]",서울특별시 용산구 효창동 효창원로 177-18
65,구러시아공사관,"[0.0, 0.0, 0.0, 0.0, 0.19437002531370656, 0.22165434112105964, 0.0, 0.0, 0.0, 0.0, 0.0, 0.0, 0.0, 0.0, 0.0, 0.0, 0.0, 0.0, 0.0, 0.0, 0.0, 0.0, 0.18463183149057655, 0.0, 0.0, 0.0, 0.22165434112105964, 0.0, 0.0, 0.20628861130699702, 0.0, 0.0, 0.0, 0.0, 0.0, 0.0, 0.0, 0.0, 0.0, 0.20628861130699702, 0.0, 0.19437002531370656, 0.22165434112105964, 0.0, 0.22165434112105964, 0.0, 0.0, 0.2406500121054809, 0.0, 0.0, 0.0, 0.0, 0.0, 0.22165434112105964, 0.0, 0.0, 0.0, 0.22165434112105964, 0.22165434112105964, 0.0, 0.0, 0.0, 0.0, 0.0, 0.0, 0.22165434112105964, 0.22165434112105964, 0.0, 0.10429576222725255, 0.0, 0.0, 0.0]",서울특별시 중구 정동길 21-18 정동공원
66,궁산땅굴역사전시관,"[0.0, 0.0, 0.0, 0.0, 0.08543081897632579, 0.1512357572014309, 0.0, 0.0, 0.0, 0.0, 0.0, 0.0, 0.0, 0.0, 0.0, 0.0, 0.0, 0.0, 0.18156166163654533, 0.0, 0.0, 0.0, 0.1247166903000472, 0.0, 0.0, 0.0, 0.20160967829334328, 0.2772987393226236, 0.16897527409642624, 0.18156166163654533, 0.0, 0.15921251345589363, 0.0, 0.16897527409642624, 0.0, 0.0, 0.0, 0.0, 0.18156166163654533, 0.1386493696613118, 0.0, 0.09856070458566478, 0.15921251345589363, 0.1512357572014309, 0.18156166163654533, 0.0, 0.0, 0.16897527409642624, 0.2772987393226236, 0.1512357572014309, 0.0, 0.0, 0.0, 0.0, 0.0, 0.0, 0.36312332327309066, 0.0, 0.20160967829334328, 0.18156166163654533, 0.0, 0.0, 0.0, 0.0, 0.16897527409642624, 0.0, 0.18156166163654533, 0.0, 0.0, 0.0, 0.0, 0.0, 0.0, 0.0, 0.18156166163654533, 0.0, 0.0, 0.16897527409642624, 0.0, 0.0, 0.08879794394513219, 0.36312332327309066, 0.0]",서울특별시 강서구 양천로49길 102 (마곡동 11)
67,식민지역사박물관,"[0.0, 0.2206044312342311, 0.09323971810129554, 0.10407348550066549, 0.24874291546353605, 0.0, 0.0, 0.0, 0.0, 0.0, 0.0, 0.0, 0.0, 0.1454459279892906, 0.0, 0.0, 0.0, 0.13017659044466304, 0.0, 0.0, 0.2206044312342311, 0.2908918559785812, 0.15627969538866054, 0.09323971810129554, 0.11934282304529308, 0.08483639525602953, 0.0, 0.0, 0.0, 0.0, 0.0, 0.22981450580007093, 0.0, 0.3125593907773211, 0.11934282304529308, 0.2206044312342311, 0.0, 0.0, 0.0, 0.0, 0.0, 0.0, 0.0, 0.15627969538866054, 0.0, 0.0, 0.11934282304529308, 0.15627969538866054, 0.0, 0.0, 0.0, 0.4688390861659817, 0.11093950020002706, 0.0, 0.15627969538866054, 0.0, 0.0, 0.4688390861659817, 0.0, 0.4688390861659817, 0.0, 0.0, 0.10735023128941305, 0.0, 0.1454459279892906, 0.0, 0.0, 0.2908918559785812, 0.24874291546353605, 0.0, 0.12437145773176803, 0.0, 0.0, 0.0, 0.22981450580007093, 0.0, 0.3125593907773211, 0.0]",서울특별시 용산구 청파동2가 42-8
68,심우장,"[0.0, 0.0, 0.0, 0.0, 0.0, 0.0, 0.183281054334855, 0.0, 0.0, 0.0, 0.0, 0.0, 0.0, 0.0, 0.183281054334855, 0.0, 0.0, 0.0, 0.0, 0.0, 0.0, 0.183281054334855, 0.0, 0.0, 0.08963886231450582, 0.0, 0.0, 0.0, 0.0, 0.0, 0.0, 0.0, 0.08623985060246588, 0.15266796295627807, 0.5498431630045649, 0.0, 0.15266796295627807, 0.0, 0.16072025925777766, 0.0, 0.0, 0.0, 0.0, 0.0, 0.0, 0.0, 0.0, 0.0, 0.0, 0.0, 0.0, 0.1705754734438957, 0.1458598434400024, 0.1705754734438957, 0.183281054334855, 0.0, 0.0, 0.0, 0.1705754734438957, 0.0, 0.0, 0.0, 0.0, 0.0, 0.183281054334855, 0.0, 0.0, 0.0, 0.183281054334855, 0.5498431630045649, 0.0, 0.0, 0.183281054334855, 0.183281054334855, 0.0, 0.0, 0.15266796295627807, 0.0, 0.0, 0.10175946306242997, 0.0, 0.183281054334855, 0.0, 0.0, 0.0]",서울특별시 성북구 성북동 성북로29길 24
